month,product_id,ending_inventory_units
2020-01-01,P001,3174
2020-01-01,P002,15330
2020-01-01,P003,1205
2020-01-01,P004,3261
2020-01-01,P005,2380
2020-01-01,P006,3496
2020-01-01,P007,2394
2020-01-01,P008,2033
2020-01-01,P009,4135
2020-01-01,P010,5607
2020-01-01,P011,7511
2020-01-01,P012,2398
2020-01-01,P013,14854
2020-01-01,P014,6031
2020-01-01,P015,3248
2020-01-01,P016,4989
2020-01-01,P017,2792
2020-01-01,P018,2150
2020-01-01,P019,1901
2020-01-01,P020,6603
2020-01-01,P021,2173
2020-01-01,P022,4820
2020-01-01,P023,1153
2020-01-01,P024,1706
2020-01-01,P025,1305
2020-01-01,P026,3265
2020-01-01,P027,7722
2020-01-01,P028,5200
2020-01-01,P029,7121
2020-01-01,P030,12129
2020-01-01,P031,3061
2020-01-01,P032,5155
2020-01-01,P033,11151
2020-01-01,P034,7455
2020-01-01,P035,5617
2020-01-01,P036,7704
2020-01-01,P037,2011
2020-01-01,P038,2886
2020-01-01,P039,2198
2020-01-01,P040,4162
2020-02-01,P001,1744
2020-02-01,P002,15655
2020-02-01,P003,1359
2020-02-01,P004,13440
2020-02-01,P005,4217
2020-02-01,P006,4951
2020-02-01,P007,3359
2020-02-01,P008,1655
2020-02-01,P009,4501
2020-02-01,P010,2641
2020-02-01,P011,8778
2020-02-01,P012,3384
2020-02-01,P013,11283
2020-02-01,P014,4714
2020-02-01,P015,3992
2020-02-01,P016,3249
2020-02-01,P017,6775
2020-02-01,P018,2703
2020-02-01,P019,4422
2020-02-01,P020,8261
2020-02-01,P021,4256
2020-02-01,P022,3569
2020-02-01,P023,768
2020-02-01,P024,3224
2020-02-01,P025,1536
2020-02-01,P026,3688
2020-02-01,P027,2125
2020-02-01,P028,6297
2020-02-01,P029,9733
2020-02-01,P030,12022
2020-02-01,P031,3624
2020-02-01,P032,5569
2020-02-01,P033,4990
2020-02-01,P034,2376
2020-02-01,P035,4756
2020-02-01,P036,10215
2020-02-01,P037,1606
2020-02-01,P038,1832
2020-02-01,P039,2493
2020-02-01,P040,3671
2020-03-01,P001,2784
2020-03-01,P002,11807
2020-03-01,P003,1876
2020-03-01,P004,10056
2020-03-01,P005,2954
2020-03-01,P006,1487
2020-03-01,P007,1474
2020-03-01,P008,2670
2020-03-01,P009,2122
2020-03-01,P010,2910
2020-03-01,P011,16139
2020-03-01,P012,2671
2020-03-01,P013,8593
2020-03-01,P014,4984
2020-03-01,P015,4625
2020-03-01,P016,7932
2020-03-01,P017,3238
2020-03-01,P018,4071
2020-03-01,P019,5052
2020-03-01,P020,5292
2020-03-01,P021,5795
2020-03-01,P022,3596
2020-03-01,P023,1365
2020-03-01,P024,2493
2020-03-01,P025,2059
2020-03-01,P026,2719
2020-03-01,P027,7236
2020-03-01,P028,5152
2020-03-01,P029,10055
2020-03-01,P030,4512
2020-03-01,P031,3871
2020-03-01,P032,7954
2020-03-01,P033,7849
2020-03-01,P034,5149
2020-03-01,P035,6956
2020-03-01,P036,9041
2020-03-01,P037,2021
2020-03-01,P038,4702
2020-03-01,P039,3010
2020-03-01,P040,6626
2020-04-01,P001,1903
2020-04-01,P002,30573
2020-04-01,P003,1887
2020-04-01,P004,8214
2020-04-01,P005,2514
2020-04-01,P006,3858
2020-04-01,P007,2817
2020-04-01,P008,1912
2020-04-01,P009,5548
2020-04-01,P010,2962
2020-04-01,P011,16929
2020-04-01,P012,1606
2020-04-01,P013,13007
2020-04-01,P014,2635
2020-04-01,P015,5672
2020-04-01,P016,7320
2020-04-01,P017,2210
2020-04-01,P018,3333
2020-04-01,P019,5260
2020-04-01,P020,9610
2020-04-01,P021,3335
2020-04-01,P022,1899
2020-04-01,P023,1144
2020-04-01,P024,3783
2020-04-01,P025,1420
2020-04-01,P026,3340
2020-04-01,P027,4929
2020-04-01,P028,7149
2020-04-01,P029,4079
2020-04-01,P030,10894
2020-04-01,P031,4290
2020-04-01,P032,7192
2020-04-01,P033,11748
2020-04-01,P034,9375
2020-04-01,P035,5935
2020-04-01,P036,12440
2020-04-01,P037,2864
2020-04-01,P038,995
2020-04-01,P039,3647
2020-04-01,P040,11977
2020-05-01,P001,3409
2020-05-01,P002,20160
2020-05-01,P003,1367
2020-05-01,P004,15092
2020-05-01,P005,2657
2020-05-01,P006,2723
2020-05-01,P007,3062
2020-05-01,P008,3384
2020-05-01,P009,6246
2020-05-01,P010,3186
2020-05-01,P011,17999
2020-05-01,P012,1501
2020-05-01,P013,11202
2020-05-01,P014,5292
2020-05-01,P015,4721
2020-05-01,P016,3811
2020-05-01,P017,5028
2020-05-01,P018,3660
2020-05-01,P019,3648
2020-05-01,P020,3756
2020-05-01,P021,3872
2020-05-01,P022,8660
2020-05-01,P023,1108
2020-05-01,P024,1450
2020-05-01,P025,1275
2020-05-01,P026,1245
2020-05-01,P027,12739
2020-05-01,P028,5861
2020-05-01,P029,3927
2020-05-01,P030,9319
2020-05-01,P031,3732
2020-05-01,P032,7190
2020-05-01,P033,13408
2020-05-01,P034,2643
2020-05-01,P035,11227
2020-05-01,P036,10530
2020-05-01,P037,2060
2020-05-01,P038,6003
2020-05-01,P039,3661
2020-05-01,P040,11213
2020-06-01,P001,2646
2020-06-01,P002,20654
2020-06-01,P003,997
2020-06-01,P004,12889
2020-06-01,P005,2749
2020-06-01,P006,3071
2020-06-01,P007,2457
2020-06-01,P008,3527
2020-06-01,P009,6877
2020-06-01,P010,1243
2020-06-01,P011,9723
2020-06-01,P012,2721
2020-06-01,P013,18429
2020-06-01,P014,3492
2020-06-01,P015,4629
2020-06-01,P016,4478
2020-06-01,P017,6272
2020-06-01,P018,3706
2020-06-01,P019,6824
2020-06-01,P020,5877
2020-06-01,P021,2772
2020-06-01,P022,4615
2020-06-01,P023,1705
2020-06-01,P024,1810
2020-06-01,P025,1709
2020-06-01,P026,1684
2020-06-01,P027,5077
2020-06-01,P028,4653
2020-06-01,P029,3954
2020-06-01,P030,9957
2020-06-01,P031,4071
2020-06-01,P032,6869
2020-06-01,P033,5671
2020-06-01,P034,2823
2020-06-01,P035,6552
2020-06-01,P036,9951
2020-06-01,P037,676
2020-06-01,P038,4327
2020-06-01,P039,2867
2020-06-01,P040,9494
2020-07-01,P001,2663
2020-07-01,P002,18812
2020-07-01,P003,888
2020-07-01,P004,14435
2020-07-01,P005,3421
2020-07-01,P006,3014
2020-07-01,P007,1867
2020-07-01,P008,2865
2020-07-01,P009,7222
2020-07-01,P010,2783
2020-07-01,P011,10126
2020-07-01,P012,1374
2020-07-01,P013,13157
2020-07-01,P014,1943
2020-07-01,P015,2264
2020-07-01,P016,5867
2020-07-01,P017,1770
2020-07-01,P018,3307
2020-07-01,P019,4874
2020-07-01,P020,9327
2020-07-01,P021,4664
2020-07-01,P022,3784
2020-07-01,P023,1617
2020-07-01,P024,1125
2020-07-01,P025,881
2020-07-01,P026,1730
2020-07-01,P027,2760
2020-07-01,P028,3968
2020-07-01,P029,5300
2020-07-01,P030,13856
2020-07-01,P031,4233
2020-07-01,P032,7645
2020-07-01,P033,6820
2020-07-01,P034,3714
2020-07-01,P035,5269
2020-07-01,P036,7247
2020-07-01,P037,844
2020-07-01,P038,3288
2020-07-01,P039,4667
2020-07-01,P040,6095
2020-08-01,P001,2101
2020-08-01,P002,9137
2020-08-01,P003,1751
2020-08-01,P004,12708
2020-08-01,P005,2890
2020-08-01,P006,2840
2020-08-01,P007,2271
2020-08-01,P008,3360
2020-08-01,P009,3424
2020-08-01,P010,7416
2020-08-01,P011,12579
2020-08-01,P012,5108
2020-08-01,P013,12534
2020-08-01,P014,2667
2020-08-01,P015,2405
2020-08-01,P016,6584
2020-08-01,P017,7944
2020-08-01,P018,2488
2020-08-01,P019,3361
2020-08-01,P020,4848
2020-08-01,P021,4964
2020-08-01,P022,3795
2020-08-01,P023,1587
2020-08-01,P024,1758
2020-08-01,P025,1587
2020-08-01,P026,1387
2020-08-01,P027,2501
2020-08-01,P028,5234
2020-08-01,P029,7005
2020-08-01,P030,9208
2020-08-01,P031,6645
2020-08-01,P032,6650
2020-08-01,P033,4647
2020-08-01,P034,3420
2020-08-01,P035,3169
2020-08-01,P036,5181
2020-08-01,P037,1237
2020-08-01,P038,2204
2020-08-01,P039,2864
2020-08-01,P040,9218
2020-09-01,P001,3045
2020-09-01,P002,13024
2020-09-01,P003,2073
2020-09-01,P004,7653
2020-09-01,P005,4340
2020-09-01,P006,1379
2020-09-01,P007,1624
2020-09-01,P008,1192
2020-09-01,P009,4636
2020-09-01,P010,2250
2020-09-01,P011,6311
2020-09-01,P012,828
2020-09-01,P013,14833
2020-09-01,P014,3304
2020-09-01,P015,7811
2020-09-01,P016,3912
2020-09-01,P017,1656
2020-09-01,P018,2308
2020-09-01,P019,2922
2020-09-01,P020,1865
2020-09-01,P021,4247
2020-09-01,P022,1867
2020-09-01,P023,1052
2020-09-01,P024,2437
2020-09-01,P025,1536
2020-09-01,P026,2197
2020-09-01,P027,2617
2020-09-01,P028,1945
2020-09-01,P029,3457
2020-09-01,P030,7710
2020-09-01,P031,2889
2020-09-01,P032,3692
2020-09-01,P033,7618
2020-09-01,P034,2825
2020-09-01,P035,6538
2020-09-01,P036,7559
2020-09-01,P037,1559
2020-09-01,P038,3378
2020-09-01,P039,1527
2020-09-01,P040,15200
2020-10-01,P001,1439
2020-10-01,P002,11752
2020-10-01,P003,1939
2020-10-01,P004,6645
2020-10-01,P005,2230
2020-10-01,P006,1762
2020-10-01,P007,2539
2020-10-01,P008,2436
2020-10-01,P009,3269
2020-10-01,P010,3419
2020-10-01,P011,6734
2020-10-01,P012,1569
2020-10-01,P013,11384
2020-10-01,P014,1945
2020-10-01,P015,2489
2020-10-01,P016,3601
2020-10-01,P017,5306
2020-10-01,P018,1769
2020-10-01,P019,3094
2020-10-01,P020,1893
2020-10-01,P021,4375
2020-10-01,P022,1579
2020-10-01,P023,846
2020-10-01,P024,1097
2020-10-01,P025,712
2020-10-01,P026,1497
2020-10-01,P027,2597
2020-10-01,P028,3074
2020-10-01,P029,4498
2020-10-01,P030,9596
2020-10-01,P031,2290
2020-10-01,P032,7020
2020-10-01,P033,7851
2020-10-01,P034,3918
2020-10-01,P035,4965
2020-10-01,P036,6783
2020-10-01,P037,1547
2020-10-01,P038,2189
2020-10-01,P039,2077
2020-10-01,P040,9896
2020-11-01,P001,1800
2020-11-01,P002,9879
2020-11-01,P003,850
2020-11-01,P004,6490
2020-11-01,P005,3078
2020-11-01,P006,2166
2020-11-01,P007,2160
2020-11-01,P008,1387
2020-11-01,P009,5534
2020-11-01,P010,1128
2020-11-01,P011,7730
2020-11-01,P012,1983
2020-11-01,P013,11482
2020-11-01,P014,1389
2020-11-01,P015,3494
2020-11-01,P016,4225
2020-11-01,P017,5374
2020-11-01,P018,2072
2020-11-01,P019,1931
2020-11-01,P020,6135
2020-11-01,P021,2200
2020-11-01,P022,3024
2020-11-01,P023,929
2020-11-01,P024,1659
2020-11-01,P025,1124
2020-11-01,P026,2740
2020-11-01,P027,5297
2020-11-01,P028,4183
2020-11-01,P029,9317
2020-11-01,P030,7769
2020-11-01,P031,2986
2020-11-01,P032,6974
2020-11-01,P033,4994
2020-11-01,P034,2866
2020-11-01,P035,5295
2020-11-01,P036,7539
2020-11-01,P037,1271
2020-11-01,P038,3100
2020-11-01,P039,2064
2020-11-01,P040,6830
2020-12-01,P001,3525
2020-12-01,P002,9737
2020-12-01,P003,1149
2020-12-01,P004,11939
2020-12-01,P005,2867
2020-12-01,P006,3333
2020-12-01,P007,1464
2020-12-01,P008,2559
2020-12-01,P009,4044
2020-12-01,P010,3863
2020-12-01,P011,12655
2020-12-01,P012,1592
2020-12-01,P013,17251
2020-12-01,P014,1687
2020-12-01,P015,3669
2020-12-01,P016,2824
2020-12-01,P017,4889
2020-12-01,P018,2046
2020-12-01,P019,2368
2020-12-01,P020,5294
2020-12-01,P021,2556
2020-12-01,P022,2926
2020-12-01,P023,1574
2020-12-01,P024,2427
2020-12-01,P025,1363
2020-12-01,P026,1809
2020-12-01,P027,3938
2020-12-01,P028,7109
2020-12-01,P029,5373
2020-12-01,P030,10783
2020-12-01,P031,3980
2020-12-01,P032,4919
2020-12-01,P033,3834
2020-12-01,P034,6896
2020-12-01,P035,8084
2020-12-01,P036,7664
2020-12-01,P037,297
2020-12-01,P038,3173
2020-12-01,P039,2160
2020-12-01,P040,6182
2021-01-01,P001,3607
2021-01-01,P002,18603
2021-01-01,P003,1338
2021-01-01,P004,8779
2021-01-01,P005,3069
2021-01-01,P006,2357
2021-01-01,P007,2290
2021-01-01,P008,2489
2021-01-01,P009,2995
2021-01-01,P010,4313
2021-01-01,P011,8175
2021-01-01,P012,1526
2021-01-01,P013,12844
2021-01-01,P014,3138
2021-01-01,P015,3750
2021-01-01,P016,7677
2021-01-01,P017,3043
2021-01-01,P018,2622
2021-01-01,P019,3512
2021-01-01,P020,4437
2021-01-01,P021,3193
2021-01-01,P022,5260
2021-01-01,P023,1018
2021-01-01,P024,1750
2021-01-01,P025,1240
2021-01-01,P026,1137
2021-01-01,P027,7249
2021-01-01,P028,5257
2021-01-01,P029,4543
2021-01-01,P030,4367
2021-01-01,P031,4048
2021-01-01,P032,8521
2021-01-01,P033,2071
2021-01-01,P034,7986
2021-01-01,P035,6758
2021-01-01,P036,7145
2021-01-01,P037,1814
2021-01-01,P038,4214
2021-01-01,P039,4294
2021-01-01,P040,8209
2021-02-01,P001,4700
2021-02-01,P002,16951
2021-02-01,P003,1094
2021-02-01,P004,11051
2021-02-01,P005,3920
2021-02-01,P006,2873
2021-02-01,P007,2047
2021-02-01,P008,1740
2021-02-01,P009,5416
2021-02-01,P010,10833
2021-02-01,P011,14434
2021-02-01,P012,2197
2021-02-01,P013,21066
2021-02-01,P014,3936
2021-02-01,P015,3408
2021-02-01,P016,3803
2021-02-01,P017,3841
2021-02-01,P018,2983
2021-02-01,P019,3012
2021-02-01,P020,3728
2021-02-01,P021,2518
2021-02-01,P022,3296
2021-02-01,P023,1723
2021-02-01,P024,3149
2021-02-01,P025,1303
2021-02-01,P026,733
2021-02-01,P027,7226
2021-02-01,P028,6496
2021-02-01,P029,2865
2021-02-01,P030,2725
2021-02-01,P031,5089
2021-02-01,P032,5355
2021-02-01,P033,7106
2021-02-01,P034,9995
2021-02-01,P035,5307
2021-02-01,P036,7065
2021-02-01,P037,2872
2021-02-01,P038,4822
2021-02-01,P039,2903
2021-02-01,P040,8559
2021-03-01,P001,3466
2021-03-01,P002,7389
2021-03-01,P003,1787
2021-03-01,P004,10891
2021-03-01,P005,4047
2021-03-01,P006,1608
2021-03-01,P007,3503
2021-03-01,P008,1811
2021-03-01,P009,2860
2021-03-01,P010,3549
2021-03-01,P011,14779
2021-03-01,P012,2891
2021-03-01,P013,13159
2021-03-01,P014,4738
2021-03-01,P015,4758
2021-03-01,P016,4344
2021-03-01,P017,4533
2021-03-01,P018,4027
2021-03-01,P019,4735
2021-03-01,P020,11360
2021-03-01,P021,2455
2021-03-01,P022,4068
2021-03-01,P023,1192
2021-03-01,P024,3692
2021-03-01,P025,1578
2021-03-01,P026,2408
2021-03-01,P027,1502
2021-03-01,P028,7981
2021-03-01,P029,7314
2021-03-01,P030,9591
2021-03-01,P031,3569
2021-03-01,P032,5961
2021-03-01,P033,5433
2021-03-01,P034,6953
2021-03-01,P035,8327
2021-03-01,P036,7801
2021-03-01,P037,3840
2021-03-01,P038,3871
2021-03-01,P039,5430
2021-03-01,P040,8072
2021-04-01,P001,4841
2021-04-01,P002,16090
2021-04-01,P003,1924
2021-04-01,P004,36008
2021-04-01,P005,3418
2021-04-01,P006,2831
2021-04-01,P007,1353
2021-04-01,P008,2071
2021-04-01,P009,3081
2021-04-01,P010,2956
2021-04-01,P011,14505
2021-04-01,P012,1774
2021-04-01,P013,28346
2021-04-01,P014,4331
2021-04-01,P015,3479
2021-04-01,P016,4361
2021-04-01,P017,3411
2021-04-01,P018,3843
2021-04-01,P019,3032
2021-04-01,P020,5624
2021-04-01,P021,4223
2021-04-01,P022,4589
2021-04-01,P023,1513
2021-04-01,P024,2537
2021-04-01,P025,1280
2021-04-01,P026,2048
2021-04-01,P027,8212
2021-04-01,P028,7903
2021-04-01,P029,8562
2021-04-01,P030,13424
2021-04-01,P031,4630
2021-04-01,P032,7389
2021-04-01,P033,10117
2021-04-01,P034,5435
2021-04-01,P035,4803
2021-04-01,P036,9663
2021-04-01,P037,2412
2021-04-01,P038,2365
2021-04-01,P039,3574
2021-04-01,P040,13575
2021-05-01,P001,6569
2021-05-01,P002,22011
2021-05-01,P003,2028
2021-05-01,P004,4283
2021-05-01,P005,2837
2021-05-01,P006,2827
2021-05-01,P007,1162
2021-05-01,P008,3089
2021-05-01,P009,4663
2021-05-01,P010,2893
2021-05-01,P011,12601
2021-05-01,P012,2161
2021-05-01,P013,15047
2021-05-01,P014,2882
2021-05-01,P015,5077
2021-05-01,P016,5664
2021-05-01,P017,5557
2021-05-01,P018,2904
2021-05-01,P019,801
2021-05-01,P020,3317
2021-05-01,P021,3393
2021-05-01,P022,3559
2021-05-01,P023,1433
2021-05-01,P024,3256
2021-05-01,P025,1885
2021-05-01,P026,1191
2021-05-01,P027,5907
2021-05-01,P028,6633
2021-05-01,P029,6323
2021-05-01,P030,7427
2021-05-01,P031,3275
2021-05-01,P032,13319
2021-05-01,P033,2639
2021-05-01,P034,7430
2021-05-01,P035,15013
2021-05-01,P036,8493
2021-05-01,P037,4917
2021-05-01,P038,2273
2021-05-01,P039,4803
2021-05-01,P040,9273
2021-06-01,P001,2102
2021-06-01,P002,22111
2021-06-01,P003,857
2021-06-01,P004,18791
2021-06-01,P005,4277
2021-06-01,P006,4201
2021-06-01,P007,3493
2021-06-01,P008,1057
2021-06-01,P009,7004
2021-06-01,P010,7721
2021-06-01,P011,20693
2021-06-01,P012,1483
2021-06-01,P013,17931
2021-06-01,P014,2154
2021-06-01,P015,4416
2021-06-01,P016,4333
2021-06-01,P017,5096
2021-06-01,P018,3377
2021-06-01,P019,8495
2021-06-01,P020,6958
2021-06-01,P021,4414
2021-06-01,P022,3141
2021-06-01,P023,1576
2021-06-01,P024,2513
2021-06-01,P025,1843
2021-06-01,P026,2086
2021-06-01,P027,4110
2021-06-01,P028,7576
2021-06-01,P029,7794
2021-06-01,P030,9790
2021-06-01,P031,4414
2021-06-01,P032,6947
2021-06-01,P033,7066
2021-06-01,P034,4974
2021-06-01,P035,7289
2021-06-01,P036,10690
2021-06-01,P037,1052
2021-06-01,P038,3240
2021-06-01,P039,1574
2021-06-01,P040,12006
2021-07-01,P001,3114
2021-07-01,P002,9192
2021-07-01,P003,1511
2021-07-01,P004,9625
2021-07-01,P005,2743
2021-07-01,P006,2189
2021-07-01,P007,2336
2021-07-01,P008,1724
2021-07-01,P009,3824
2021-07-01,P010,4199
2021-07-01,P011,3485
2021-07-01,P012,1092
2021-07-01,P013,8621
2021-07-01,P014,3413
2021-07-01,P015,3484
2021-07-01,P016,3321
2021-07-01,P017,6496
2021-07-01,P018,3605
2021-07-01,P019,2555
2021-07-01,P020,5052
2021-07-01,P021,3046
2021-07-01,P022,4074
2021-07-01,P023,1456
2021-07-01,P024,2353
2021-07-01,P025,1409
2021-07-01,P026,1875
2021-07-01,P027,11244
2021-07-01,P028,5708
2021-07-01,P029,9076
2021-07-01,P030,17548
2021-07-01,P031,2031
2021-07-01,P032,8620
2021-07-01,P033,4138
2021-07-01,P034,4396
2021-07-01,P035,13690
2021-07-01,P036,6819
2021-07-01,P037,1860
2021-07-01,P038,2389
2021-07-01,P039,4853
2021-07-01,P040,8919
2021-08-01,P001,3078
2021-08-01,P002,17529
2021-08-01,P003,1053
2021-08-01,P004,18677
2021-08-01,P005,3607
2021-08-01,P006,2431
2021-08-01,P007,2083
2021-08-01,P008,1585
2021-08-01,P009,5106
2021-08-01,P010,2411
2021-08-01,P011,13956
2021-08-01,P012,1445
2021-08-01,P013,19672
2021-08-01,P014,3193
2021-08-01,P015,4655
2021-08-01,P016,1778
2021-08-01,P017,6907
2021-08-01,P018,3601
2021-08-01,P019,2193
2021-08-01,P020,5201
2021-08-01,P021,3733
2021-08-01,P022,5003
2021-08-01,P023,1019
2021-08-01,P024,2376
2021-08-01,P025,1553
2021-08-01,P026,1659
2021-08-01,P027,5545
2021-08-01,P028,6031
2021-08-01,P029,4569
2021-08-01,P030,11516
2021-08-01,P031,1666
2021-08-01,P032,8748
2021-08-01,P033,2993
2021-08-01,P034,2636
2021-08-01,P035,5433
2021-08-01,P036,10187
2021-08-01,P037,2338
2021-08-01,P038,2707
2021-08-01,P039,4661
2021-08-01,P040,6366
2021-09-01,P001,3224
2021-09-01,P002,12566
2021-09-01,P003,1243
2021-09-01,P004,10299
2021-09-01,P005,5092
2021-09-01,P006,1934
2021-09-01,P007,877
2021-09-01,P008,1622
2021-09-01,P009,2276
2021-09-01,P010,1528
2021-09-01,P011,12167
2021-09-01,P012,1998
2021-09-01,P013,10688
2021-09-01,P014,1968
2021-09-01,P015,4574
2021-09-01,P016,7394
2021-09-01,P017,5180
2021-09-01,P018,3062
2021-09-01,P019,3195
2021-09-01,P020,5902
2021-09-01,P021,2688
2021-09-01,P022,2456
2021-09-01,P023,1009
2021-09-01,P024,2503
2021-09-01,P025,1083
2021-09-01,P026,2115
2021-09-01,P027,4977
2021-09-01,P028,7727
2021-09-01,P029,3044
2021-09-01,P030,8504
2021-09-01,P031,2893
2021-09-01,P032,3909
2021-09-01,P033,8006
2021-09-01,P034,5270
2021-09-01,P035,5475
2021-09-01,P036,12737
2021-09-01,P037,2262
2021-09-01,P038,1834
2021-09-01,P039,4488
2021-09-01,P040,10323
2021-10-01,P001,2595
2021-10-01,P002,11178
2021-10-01,P003,893
2021-10-01,P004,10210
2021-10-01,P005,2280
2021-10-01,P006,2520
2021-10-01,P007,1185
2021-10-01,P008,1059
2021-10-01,P009,2803
2021-10-01,P010,2520
2021-10-01,P011,6957
2021-10-01,P012,3069
2021-10-01,P013,17251
2021-10-01,P014,2167
2021-10-01,P015,4972
2021-10-01,P016,3544
2021-10-01,P017,2295
2021-10-01,P018,1787
2021-10-01,P019,4771
2021-10-01,P020,4985
2021-10-01,P021,2412
2021-10-01,P022,3143
2021-10-01,P023,1247
2021-10-01,P024,3042
2021-10-01,P025,1320
2021-10-01,P026,1793
2021-10-01,P027,7969
2021-10-01,P028,4734
2021-10-01,P029,6925
2021-10-01,P030,5530
2021-10-01,P031,3419
2021-10-01,P032,4357
2021-10-01,P033,5821
2021-10-01,P034,5997
2021-10-01,P035,5527
2021-10-01,P036,7305
2021-10-01,P037,1791
2021-10-01,P038,3521
2021-10-01,P039,2053
2021-10-01,P040,5855
2021-11-01,P001,2636
2021-11-01,P002,16673
2021-11-01,P003,2972
2021-11-01,P004,2919
2021-11-01,P005,1896
2021-11-01,P006,3905
2021-11-01,P007,2886
2021-11-01,P008,1512
2021-11-01,P009,3972
2021-11-01,P010,2929
2021-11-01,P011,9730
2021-11-01,P012,1539
2021-11-01,P013,12644
2021-11-01,P014,1098
2021-11-01,P015,3141
2021-11-01,P016,3132
2021-11-01,P017,4706
2021-11-01,P018,1870
2021-11-01,P019,3245
2021-11-01,P020,5501
2021-11-01,P021,2412
2021-11-01,P022,4417
2021-11-01,P023,879
2021-11-01,P024,2344
2021-11-01,P025,1442
2021-11-01,P026,1150
2021-11-01,P027,5991
2021-11-01,P028,7287
2021-11-01,P029,2985
2021-11-01,P030,7659
2021-11-01,P031,2801
2021-11-01,P032,5466
2021-11-01,P033,3859
2021-11-01,P034,3878
2021-11-01,P035,3845
2021-11-01,P036,6754
2021-11-01,P037,1846
2021-11-01,P038,2385
2021-11-01,P039,3480
2021-11-01,P040,10303
2021-12-01,P001,1142
2021-12-01,P002,15060
2021-12-01,P003,1280
2021-12-01,P004,8131
2021-12-01,P005,2215
2021-12-01,P006,1794
2021-12-01,P007,1045
2021-12-01,P008,2536
2021-12-01,P009,7195
2021-12-01,P010,1777
2021-12-01,P011,14658
2021-12-01,P012,2562
2021-12-01,P013,13377
2021-12-01,P014,1523
2021-12-01,P015,4446
2021-12-01,P016,5081
2021-12-01,P017,5044
2021-12-01,P018,2411
2021-12-01,P019,5649
2021-12-01,P020,4606
2021-12-01,P021,4051
2021-12-01,P022,3444
2021-12-01,P023,1779
2021-12-01,P024,1598
2021-12-01,P025,1630
2021-12-01,P026,3358
2021-12-01,P027,10348
2021-12-01,P028,5274
2021-12-01,P029,3569
2021-12-01,P030,6740
2021-12-01,P031,2367
2021-12-01,P032,3485
2021-12-01,P033,7057
2021-12-01,P034,8663
2021-12-01,P035,6553
2021-12-01,P036,8922
2021-12-01,P037,1497
2021-12-01,P038,4446
2021-12-01,P039,2951
2021-12-01,P040,7127
2022-01-01,P001,3223
2022-01-01,P002,16906
2022-01-01,P003,1679
2022-01-01,P004,9786
2022-01-01,P005,3460
2022-01-01,P006,2218
2022-01-01,P007,1961
2022-01-01,P008,2931
2022-01-01,P009,4360
2022-01-01,P010,1339
2022-01-01,P011,12656
2022-01-01,P012,1183
2022-01-01,P013,8705
2022-01-01,P014,1787
2022-01-01,P015,4532
2022-01-01,P016,2172
2022-01-01,P017,4327
2022-01-01,P018,3651
2022-01-01,P019,4171
2022-01-01,P020,3193
2022-01-01,P021,4503
2022-01-01,P022,3548
2022-01-01,P023,1203
2022-01-01,P024,2537
2022-01-01,P025,1047
2022-01-01,P026,1297
2022-01-01,P027,5546
2022-01-01,P028,6847
2022-01-01,P029,8640
2022-01-01,P030,10411
2022-01-01,P031,3046
2022-01-01,P032,3723
2022-01-01,P033,8671
2022-01-01,P034,7268
2022-01-01,P035,6851
2022-01-01,P036,11258
2022-01-01,P037,2747
2022-01-01,P038,1826
2022-01-01,P039,2572
2022-01-01,P040,12094
2022-02-01,P001,5027
2022-02-01,P002,5157
2022-02-01,P003,916
2022-02-01,P004,13330
2022-02-01,P005,3547
2022-02-01,P006,2501
2022-02-01,P007,2699
2022-02-01,P008,1632
2022-02-01,P009,2432
2022-02-01,P010,3439
2022-02-01,P011,17134
2022-02-01,P012,2703
2022-02-01,P013,16587
2022-02-01,P014,2989
2022-02-01,P015,2490
2022-02-01,P016,5611
2022-02-01,P017,4699
2022-02-01,P018,4877
2022-02-01,P019,2941
2022-02-01,P020,6729
2022-02-01,P021,3798
2022-02-01,P022,5421
2022-02-01,P023,1051
2022-02-01,P024,2140
2022-02-01,P025,1750
2022-02-01,P026,1861
2022-02-01,P027,10678
2022-02-01,P028,13766
2022-02-01,P029,2151
2022-02-01,P030,8790
2022-02-01,P031,4274
2022-02-01,P032,8999
2022-02-01,P033,7059
2022-02-01,P034,10899
2022-02-01,P035,8869
2022-02-01,P036,9952
2022-02-01,P037,2397
2022-02-01,P038,6448
2022-02-01,P039,6863
2022-02-01,P040,7084
2022-03-01,P001,3532
2022-03-01,P002,28883
2022-03-01,P003,1581
2022-03-01,P004,8660
2022-03-01,P005,4708
2022-03-01,P006,3237
2022-03-01,P007,2520
2022-03-01,P008,1740
2022-03-01,P009,3343
2022-03-01,P010,2591
2022-03-01,P011,10330
2022-03-01,P012,3025
2022-03-01,P013,18643
2022-03-01,P014,5245
2022-03-01,P015,4968
2022-03-01,P016,5141
2022-03-01,P017,3363
2022-03-01,P018,2366
2022-03-01,P019,2224
2022-03-01,P020,4323
2022-03-01,P021,2794
2022-03-01,P022,4298
2022-03-01,P023,2617
2022-03-01,P024,2083
2022-03-01,P025,3143
2022-03-01,P026,1967
2022-03-01,P027,11939
2022-03-01,P028,7141
2022-03-01,P029,7561
2022-03-01,P030,19248
2022-03-01,P031,2328
2022-03-01,P032,10201
2022-03-01,P033,8766
2022-03-01,P034,5486
2022-03-01,P035,8144
2022-03-01,P036,6443
2022-03-01,P037,2743
2022-03-01,P038,8296
2022-03-01,P039,3359
2022-03-01,P040,9030
2022-04-01,P001,4246
2022-04-01,P002,20097
2022-04-01,P003,2612
2022-04-01,P004,9189
2022-04-01,P005,3801
2022-04-01,P006,4866
2022-04-01,P007,3412
2022-04-01,P008,2121
2022-04-01,P009,2146
2022-04-01,P010,4178
2022-04-01,P011,18034
2022-04-01,P012,1828
2022-04-01,P013,9244
2022-04-01,P014,2834
2022-04-01,P015,3793
2022-04-01,P016,4004
2022-04-01,P017,4057
2022-04-01,P018,2868
2022-04-01,P019,5870
2022-04-01,P020,8465
2022-04-01,P021,2872
2022-04-01,P022,9345
2022-04-01,P023,1476
2022-04-01,P024,372
2022-04-01,P025,2483
2022-04-01,P026,4242
2022-04-01,P027,1306
2022-04-01,P028,6613
2022-04-01,P029,6457
2022-04-01,P030,11897
2022-04-01,P031,4420
2022-04-01,P032,7590
2022-04-01,P033,7641
2022-04-01,P034,10991
2022-04-01,P035,7312
2022-04-01,P036,10971
2022-04-01,P037,2509
2022-04-01,P038,1749
2022-04-01,P039,4748
2022-04-01,P040,6823
2022-05-01,P001,3476
2022-05-01,P002,16708
2022-05-01,P003,1735
2022-05-01,P004,15724
2022-05-01,P005,2716
2022-05-01,P006,2298
2022-05-01,P007,2409
2022-05-01,P008,2123
2022-05-01,P009,5816
2022-05-01,P010,1710
2022-05-01,P011,13782
2022-05-01,P012,4552
2022-05-01,P013,17739
2022-05-01,P014,2465
2022-05-01,P015,3673
2022-05-01,P016,3498
2022-05-01,P017,2248
2022-05-01,P018,3687
2022-05-01,P019,7880
2022-05-01,P020,8708
2022-05-01,P021,5504
2022-05-01,P022,2971
2022-05-01,P023,1220
2022-05-01,P024,3496
2022-05-01,P025,1087
2022-05-01,P026,3614
2022-05-01,P027,10924
2022-05-01,P028,8819
2022-05-01,P029,7257
2022-05-01,P030,7680
2022-05-01,P031,4973
2022-05-01,P032,4270
2022-05-01,P033,1965
2022-05-01,P034,4233
2022-05-01,P035,9155
2022-05-01,P036,9697
2022-05-01,P037,2817
2022-05-01,P038,9184
2022-05-01,P039,4457
2022-05-01,P040,8235
2022-06-01,P001,2893
2022-06-01,P002,7612
2022-06-01,P003,2235
2022-06-01,P004,8146
2022-06-01,P005,2966
2022-06-01,P006,2643
2022-06-01,P007,2284
2022-06-01,P008,2554
2022-06-01,P009,5450
2022-06-01,P010,1132
2022-06-01,P011,11165
2022-06-01,P012,3407
2022-06-01,P013,18728
2022-06-01,P014,1817
2022-06-01,P015,3272
2022-06-01,P016,3874
2022-06-01,P017,8071
2022-06-01,P018,3482
2022-06-01,P019,5312
2022-06-01,P020,6180
2022-06-01,P021,4348
2022-06-01,P022,5480
2022-06-01,P023,2329
2022-06-01,P024,1226
2022-06-01,P025,1896
2022-06-01,P026,3533
2022-06-01,P027,9236
2022-06-01,P028,5753
2022-06-01,P029,5013
2022-06-01,P030,14066
2022-06-01,P031,2610
2022-06-01,P032,7064
2022-06-01,P033,9247
2022-06-01,P034,5410
2022-06-01,P035,4515
2022-06-01,P036,5625
2022-06-01,P037,2350
2022-06-01,P038,4216
2022-06-01,P039,3452
2022-06-01,P040,10282
2022-07-01,P001,3928
2022-07-01,P002,15994
2022-07-01,P003,1944
2022-07-01,P004,12655
2022-07-01,P005,3661
2022-07-01,P006,3540
2022-07-01,P007,2351
2022-07-01,P008,2883
2022-07-01,P009,3551
2022-07-01,P010,1706
2022-07-01,P011,14368
2022-07-01,P012,1865
2022-07-01,P013,14081
2022-07-01,P014,3457
2022-07-01,P015,4758
2022-07-01,P016,4836
2022-07-01,P017,1910
2022-07-01,P018,2675
2022-07-01,P019,5900
2022-07-01,P020,4155
2022-07-01,P021,3620
2022-07-01,P022,1889
2022-07-01,P023,1005
2022-07-01,P024,2317
2022-07-01,P025,987
2022-07-01,P026,2138
2022-07-01,P027,5946
2022-07-01,P028,4269
2022-07-01,P029,6402
2022-07-01,P030,6939
2022-07-01,P031,2819
2022-07-01,P032,6280
2022-07-01,P033,5298
2022-07-01,P034,4339
2022-07-01,P035,8334
2022-07-01,P036,8360
2022-07-01,P037,1384
2022-07-01,P038,1571
2022-07-01,P039,4985
2022-07-01,P040,12156
2022-08-01,P001,4028
2022-08-01,P002,14908
2022-08-01,P003,1364
2022-08-01,P004,13900
2022-08-01,P005,2775
2022-08-01,P006,1423
2022-08-01,P007,1806
2022-08-01,P008,1473
2022-08-01,P009,6937
2022-08-01,P010,2722
2022-08-01,P011,11475
2022-08-01,P012,2058
2022-08-01,P013,16387
2022-08-01,P014,3144
2022-08-01,P015,4659
2022-08-01,P016,2366
2022-08-01,P017,3298
2022-08-01,P018,2701
2022-08-01,P019,4229
2022-08-01,P020,2877
2022-08-01,P021,4933
2022-08-01,P022,4786
2022-08-01,P023,1321
2022-08-01,P024,1737
2022-08-01,P025,905
2022-08-01,P026,645
2022-08-01,P027,7564
2022-08-01,P028,3535
2022-08-01,P029,4928
2022-08-01,P030,10861
2022-08-01,P031,3193
2022-08-01,P032,5262
2022-08-01,P033,9444
2022-08-01,P034,4568
2022-08-01,P035,7037
2022-08-01,P036,7194
2022-08-01,P037,1221
2022-08-01,P038,1732
2022-08-01,P039,3065
2022-08-01,P040,8077
2022-09-01,P001,802
2022-09-01,P002,10781
2022-09-01,P003,1466
2022-09-01,P004,8875
2022-09-01,P005,3555
2022-09-01,P006,1634
2022-09-01,P007,2839
2022-09-01,P008,2600
2022-09-01,P009,3870
2022-09-01,P010,3207
2022-09-01,P011,11953
2022-09-01,P012,2055
2022-09-01,P013,8713
2022-09-01,P014,3048
2022-09-01,P015,4097
2022-09-01,P016,3166
2022-09-01,P017,2695
2022-09-01,P018,3062
2022-09-01,P019,2492
2022-09-01,P020,6103
2022-09-01,P021,2120
2022-09-01,P022,4578
2022-09-01,P023,1250
2022-09-01,P024,2618
2022-09-01,P025,1499
2022-09-01,P026,843
2022-09-01,P027,6902
2022-09-01,P028,5136
2022-09-01,P029,1994
2022-09-01,P030,5381
2022-09-01,P031,1505
2022-09-01,P032,5006
2022-09-01,P033,4389
2022-09-01,P034,5236
2022-09-01,P035,5487
2022-09-01,P036,9353
2022-09-01,P037,707
2022-09-01,P038,2316
2022-09-01,P039,2575
2022-09-01,P040,14129
2022-10-01,P001,1778
2022-10-01,P002,14295
2022-10-01,P003,1055
2022-10-01,P004,8277
2022-10-01,P005,2456
2022-10-01,P006,2568
2022-10-01,P007,1761
2022-10-01,P008,2168
2022-10-01,P009,2977
2022-10-01,P010,2720
2022-10-01,P011,8585
2022-10-01,P012,2130
2022-10-01,P013,22803
2022-10-01,P014,1887
2022-10-01,P015,3586
2022-10-01,P016,3281
2022-10-01,P017,4285
2022-10-01,P018,3238
2022-10-01,P019,1439
2022-10-01,P020,5074
2022-10-01,P021,2650
2022-10-01,P022,2728
2022-10-01,P023,886
2022-10-01,P024,1303
2022-10-01,P025,1040
2022-10-01,P026,2202
2022-10-01,P027,2853
2022-10-01,P028,4490
2022-10-01,P029,8628
2022-10-01,P030,2099
2022-10-01,P031,3238
2022-10-01,P032,9665
2022-10-01,P033,6364
2022-10-01,P034,7576
2022-10-01,P035,8137
2022-10-01,P036,7774
2022-10-01,P037,1189
2022-10-01,P038,1062
2022-10-01,P039,2537
2022-10-01,P040,6950
2022-11-01,P001,3795
2022-11-01,P002,12875
2022-11-01,P003,1161
2022-11-01,P004,6218
2022-11-01,P005,1441
2022-11-01,P006,2120
2022-11-01,P007,1787
2022-11-01,P008,1382
2022-11-01,P009,4373
2022-11-01,P010,4098
2022-11-01,P011,11100
2022-11-01,P012,1116
2022-11-01,P013,14652
2022-11-01,P014,2748
2022-11-01,P015,6543
2022-11-01,P016,4724
2022-11-01,P017,2777
2022-11-01,P018,3565
2022-11-01,P019,3465
2022-11-01,P020,5147
2022-11-01,P021,2218
2022-11-01,P022,3040
2022-11-01,P023,1422
2022-11-01,P024,2186
2022-11-01,P025,852
2022-11-01,P026,2332
2022-11-01,P027,9562
2022-11-01,P028,4917
2022-11-01,P029,4399
2022-11-01,P030,6003
2022-11-01,P031,1745
2022-11-01,P032,6113
2022-11-01,P033,5987
2022-11-01,P034,3387
2022-11-01,P035,4386
2022-11-01,P036,6898
2022-11-01,P037,1414
2022-11-01,P038,1988
2022-11-01,P039,2640
2022-11-01,P040,8693
2022-12-01,P001,4470
2022-12-01,P002,11759
2022-12-01,P003,1785
2022-12-01,P004,7071
2022-12-01,P005,3157
2022-12-01,P006,1499
2022-12-01,P007,771
2022-12-01,P008,2696
2022-12-01,P009,3391
2022-12-01,P010,2016
2022-12-01,P011,12542
2022-12-01,P012,2156
2022-12-01,P013,10723
2022-12-01,P014,3236
2022-12-01,P015,4358
2022-12-01,P016,3368
2022-12-01,P017,2638
2022-12-01,P018,2672
2022-12-01,P019,2906
2022-12-01,P020,3400
2022-12-01,P021,2489
2022-12-01,P022,2991
2022-12-01,P023,1912
2022-12-01,P024,1861
2022-12-01,P025,1484
2022-12-01,P026,1881
2022-12-01,P027,6511
2022-12-01,P028,7443
2022-12-01,P029,2506
2022-12-01,P030,4047
2022-12-01,P031,3466
2022-12-01,P032,5594
2022-12-01,P033,9048
2022-12-01,P034,4888
2022-12-01,P035,3715
2022-12-01,P036,7555
2022-12-01,P037,1659
2022-12-01,P038,4474
2022-12-01,P039,3446
2022-12-01,P040,6840
2023-01-01,P001,2193
2023-01-01,P002,17633
2023-01-01,P003,2043
2023-01-01,P004,7106
2023-01-01,P005,4439
2023-01-01,P006,4698
2023-01-01,P007,1197
2023-01-01,P008,3029
2023-01-01,P009,4822
2023-01-01,P010,1437
2023-01-01,P011,14079
2023-01-01,P012,3099
2023-01-01,P013,11689
2023-01-01,P014,3573
2023-01-01,P015,6459
2023-01-01,P016,3954
2023-01-01,P017,4119
2023-01-01,P018,3084
2023-01-01,P019,4060
2023-01-01,P020,9488
2023-01-01,P021,2501
2023-01-01,P022,3601
2023-01-01,P023,525
2023-01-01,P024,2161
2023-01-01,P025,1076
2023-01-01,P026,2861
2023-01-01,P027,10164
2023-01-01,P028,4118
2023-01-01,P029,5705
2023-01-01,P030,4500
2023-01-01,P031,4786
2023-01-01,P032,7134
2023-01-01,P033,5825
2023-01-01,P034,5595
2023-01-01,P035,4325
2023-01-01,P036,14465
2023-01-01,P037,2165
2023-01-01,P038,4745
2023-01-01,P039,3540
2023-01-01,P040,7335
2023-02-01,P001,2066
2023-02-01,P002,12109
2023-02-01,P003,1487
2023-02-01,P004,4738
2023-02-01,P005,4034
2023-02-01,P006,860
2023-02-01,P007,2430
2023-02-01,P008,2686
2023-02-01,P009,4230
2023-02-01,P010,3729
2023-02-01,P011,20995
2023-02-01,P012,1716
2023-02-01,P013,16902
2023-02-01,P014,1717
2023-02-01,P015,5431
2023-02-01,P016,5136
2023-02-01,P017,7363
2023-02-01,P018,3824
2023-02-01,P019,3257
2023-02-01,P020,7170
2023-02-01,P021,2208
2023-02-01,P022,4469
2023-02-01,P023,1324
2023-02-01,P024,3442
2023-02-01,P025,1674
2023-02-01,P026,2067
2023-02-01,P027,3094
2023-02-01,P028,9029
2023-02-01,P029,6595
2023-02-01,P030,7999
2023-02-01,P031,2629
2023-02-01,P032,7967
2023-02-01,P033,6671
2023-02-01,P034,8873
2023-02-01,P035,5374
2023-02-01,P036,8338
2023-02-01,P037,1743
2023-02-01,P038,4361
2023-02-01,P039,1081
2023-02-01,P040,17153
2023-03-01,P001,4505
2023-03-01,P002,13101
2023-03-01,P003,2284
2023-03-01,P004,8942
2023-03-01,P005,2675
2023-03-01,P006,3041
2023-03-01,P007,2847
2023-03-01,P008,1685
2023-03-01,P009,4052
2023-03-01,P010,3837
2023-03-01,P011,10308
2023-03-01,P012,2222
2023-03-01,P013,16044
2023-03-01,P014,2036
2023-03-01,P015,3513
2023-03-01,P016,4275
2023-03-01,P017,7211
2023-03-01,P018,2760
2023-03-01,P019,1733
2023-03-01,P020,12027
2023-03-01,P021,7434
2023-03-01,P022,2612
2023-03-01,P023,2434
2023-03-01,P024,3115
2023-03-01,P025,1436
2023-03-01,P026,2241
2023-03-01,P027,7069
2023-03-01,P028,6115
2023-03-01,P029,11887
2023-03-01,P030,13540
2023-03-01,P031,3827
2023-03-01,P032,6273
2023-03-01,P033,9233
2023-03-01,P034,3635
2023-03-01,P035,3351
2023-03-01,P036,11263
2023-03-01,P037,1259
2023-03-01,P038,2175
2023-03-01,P039,4649
2023-03-01,P040,10737
2023-04-01,P001,2178
2023-04-01,P002,19634
2023-04-01,P003,949
2023-04-01,P004,16650
2023-04-01,P005,2482
2023-04-01,P006,2494
2023-04-01,P007,3398
2023-04-01,P008,1995
2023-04-01,P009,3956
2023-04-01,P010,4276
2023-04-01,P011,11428
2023-04-01,P012,2612
2023-04-01,P013,17355
2023-04-01,P014,4888
2023-04-01,P015,5726
2023-04-01,P016,1182
2023-04-01,P017,2584
2023-04-01,P018,4383
2023-04-01,P019,7477
2023-04-01,P020,2965
2023-04-01,P021,3262
2023-04-01,P022,6505
2023-04-01,P023,1577
2023-04-01,P024,3434
2023-04-01,P025,1631
2023-04-01,P026,3967
2023-04-01,P027,1927
2023-04-01,P028,5578
2023-04-01,P029,5708
2023-04-01,P030,9682
2023-04-01,P031,4691
2023-04-01,P032,8645
2023-04-01,P033,9042
2023-04-01,P034,6440
2023-04-01,P035,5996
2023-04-01,P036,9494
2023-04-01,P037,2518
2023-04-01,P038,5232
2023-04-01,P039,4270
2023-04-01,P040,23880
2023-05-01,P001,5631
2023-05-01,P002,18734
2023-05-01,P003,1657
2023-05-01,P004,9980
2023-05-01,P005,4108
2023-05-01,P006,3291
2023-05-01,P007,2560
2023-05-01,P008,1916
2023-05-01,P009,5183
2023-05-01,P010,3120
2023-05-01,P011,19503
2023-05-01,P012,1481
2023-05-01,P013,34638
2023-05-01,P014,4672
2023-05-01,P015,4884
2023-05-01,P016,4844
2023-05-01,P017,6955
2023-05-01,P018,5864
2023-05-01,P019,4258
2023-05-01,P020,3292
2023-05-01,P021,5813
2023-05-01,P022,4120
2023-05-01,P023,1717
2023-05-01,P024,4187
2023-05-01,P025,1795
2023-05-01,P026,1301
2023-05-01,P027,9408
2023-05-01,P028,10132
2023-05-01,P029,7381
2023-05-01,P030,10485
2023-05-01,P031,1795
2023-05-01,P032,8361
2023-05-01,P033,10725
2023-05-01,P034,5149
2023-05-01,P035,6587
2023-05-01,P036,25275
2023-05-01,P037,2620
2023-05-01,P038,1168
2023-05-01,P039,4072
2023-05-01,P040,8680
2023-06-01,P001,3908
2023-06-01,P002,14501
2023-06-01,P003,1851
2023-06-01,P004,10503
2023-06-01,P005,3659
2023-06-01,P006,2432
2023-06-01,P007,1813
2023-06-01,P008,1532
2023-06-01,P009,3330
2023-06-01,P010,2902
2023-06-01,P011,9779
2023-06-01,P012,1878
2023-06-01,P013,16862
2023-06-01,P014,2719
2023-06-01,P015,2941
2023-06-01,P016,4248
2023-06-01,P017,4536
2023-06-01,P018,4128
2023-06-01,P019,2480
2023-06-01,P020,3322
2023-06-01,P021,5269
2023-06-01,P022,4340
2023-06-01,P023,2033
2023-06-01,P024,1260
2023-06-01,P025,1573
2023-06-01,P026,2196
2023-06-01,P027,8579
2023-06-01,P028,4500
2023-06-01,P029,6574
2023-06-01,P030,13032
2023-06-01,P031,3935
2023-06-01,P032,6390
2023-06-01,P033,8560
2023-06-01,P034,7745
2023-06-01,P035,5168
2023-06-01,P036,10175
2023-06-01,P037,1493
2023-06-01,P038,2492
2023-06-01,P039,3940
2023-06-01,P040,9028
2023-07-01,P001,2616
2023-07-01,P002,19446
2023-07-01,P003,1458
2023-07-01,P004,7839
2023-07-01,P005,3960
2023-07-01,P006,2756
2023-07-01,P007,3215
2023-07-01,P008,2338
2023-07-01,P009,2596
2023-07-01,P010,3832
2023-07-01,P011,11457
2023-07-01,P012,2343
2023-07-01,P013,22120
2023-07-01,P014,3132
2023-07-01,P015,4404
2023-07-01,P016,4048
2023-07-01,P017,5059
2023-07-01,P018,2629
2023-07-01,P019,3975
2023-07-01,P020,5594
2023-07-01,P021,2916
2023-07-01,P022,3696
2023-07-01,P023,1357
2023-07-01,P024,1419
2023-07-01,P025,1540
2023-07-01,P026,2548
2023-07-01,P027,7106
2023-07-01,P028,6014
2023-07-01,P029,3080
2023-07-01,P030,10002
2023-07-01,P031,4198
2023-07-01,P032,5506
2023-07-01,P033,6959
2023-07-01,P034,10384
2023-07-01,P035,6966
2023-07-01,P036,6261
2023-07-01,P037,1297
2023-07-01,P038,3054
2023-07-01,P039,1147
2023-07-01,P040,16718
2023-08-01,P001,4236
2023-08-01,P002,16858
2023-08-01,P003,1289
2023-08-01,P004,8543
2023-08-01,P005,4633
2023-08-01,P006,1466
2023-08-01,P007,1486
2023-08-01,P008,778
2023-08-01,P009,3209
2023-08-01,P010,2567
2023-08-01,P011,12458
2023-08-01,P012,1559
2023-08-01,P013,12551
2023-08-01,P014,3376
2023-08-01,P015,4121
2023-08-01,P016,2409
2023-08-01,P017,1906
2023-08-01,P018,2466
2023-08-01,P019,2983
2023-08-01,P020,4080
2023-08-01,P021,3752
2023-08-01,P022,3092
2023-08-01,P023,872
2023-08-01,P024,1409
2023-08-01,P025,1562
2023-08-01,P026,1963
2023-08-01,P027,3867
2023-08-01,P028,6336
2023-08-01,P029,3401
2023-08-01,P030,7870
2023-08-01,P031,3786
2023-08-01,P032,7077
2023-08-01,P033,5969
2023-08-01,P034,4164
2023-08-01,P035,7894
2023-08-01,P036,7176
2023-08-01,P037,417
2023-08-01,P038,5766
2023-08-01,P039,1635
2023-08-01,P040,7620
2023-09-01,P001,2902
2023-09-01,P002,13714
2023-09-01,P003,1895
2023-09-01,P004,13190
2023-09-01,P005,5819
2023-09-01,P006,2132
2023-09-01,P007,1427
2023-09-01,P008,1469
2023-09-01,P009,3120
2023-09-01,P010,3952
2023-09-01,P011,8742
2023-09-01,P012,2374
2023-09-01,P013,18449
2023-09-01,P014,2437
2023-09-01,P015,2880
2023-09-01,P016,2762
2023-09-01,P017,4961
2023-09-01,P018,1804
2023-09-01,P019,3566
2023-09-01,P020,6437
2023-09-01,P021,975
2023-09-01,P022,3156
2023-09-01,P023,575
2023-09-01,P024,1532
2023-09-01,P025,1297
2023-09-01,P026,1651
2023-09-01,P027,4425
2023-09-01,P028,4912
2023-09-01,P029,3428
2023-09-01,P030,10053
2023-09-01,P031,2012
2023-09-01,P032,5205
2023-09-01,P033,4448
2023-09-01,P034,5102
2023-09-01,P035,6159
2023-09-01,P036,6301
2023-09-01,P037,1609
2023-09-01,P038,1848
2023-09-01,P039,2451
2023-09-01,P040,9489
2023-10-01,P001,4389
2023-10-01,P002,10081
2023-10-01,P003,1280
2023-10-01,P004,10953
2023-10-01,P005,2138
2023-10-01,P006,1769
2023-10-01,P007,1525
2023-10-01,P008,1849
2023-10-01,P009,4556
2023-10-01,P010,2335
2023-10-01,P011,5047
2023-10-01,P012,1200
2023-10-01,P013,13214
2023-10-01,P014,2059
2023-10-01,P015,3011
2023-10-01,P016,4275
2023-10-01,P017,6592
2023-10-01,P018,2074
2023-10-01,P019,2718
2023-10-01,P020,751
2023-10-01,P021,2469
2023-10-01,P022,5870
2023-10-01,P023,1271
2023-10-01,P024,1939
2023-10-01,P025,1413
2023-10-01,P026,1633
2023-10-01,P027,4561
2023-10-01,P028,4102
2023-10-01,P029,5715
2023-10-01,P030,12873
2023-10-01,P031,2095
2023-10-01,P032,7164
2023-10-01,P033,3432
2023-10-01,P034,7175
2023-10-01,P035,4796
2023-10-01,P036,6112
2023-10-01,P037,2419
2023-10-01,P038,2941
2023-10-01,P039,3241
2023-10-01,P040,6421
2023-11-01,P001,1772
2023-11-01,P002,11230
2023-11-01,P003,1673
2023-11-01,P004,5670
2023-11-01,P005,2343
2023-11-01,P006,2029
2023-11-01,P007,1353
2023-11-01,P008,1842
2023-11-01,P009,5207
2023-11-01,P010,2547
2023-11-01,P011,11094
2023-11-01,P012,2972
2023-11-01,P013,11649
2023-11-01,P014,3044
2023-11-01,P015,5103
2023-11-01,P016,4816
2023-11-01,P017,4382
2023-11-01,P018,3102
2023-11-01,P019,2349
2023-11-01,P020,7338
2023-11-01,P021,4820
2023-11-01,P022,3246
2023-11-01,P023,1512
2023-11-01,P024,2763
2023-11-01,P025,473
2023-11-01,P026,2317
2023-11-01,P027,8305
2023-11-01,P028,3089
2023-11-01,P029,4381
2023-11-01,P030,13719
2023-11-01,P031,2094
2023-11-01,P032,5688
2023-11-01,P033,2294
2023-11-01,P034,5445
2023-11-01,P035,3952
2023-11-01,P036,6374
2023-11-01,P037,552
2023-11-01,P038,2671
2023-11-01,P039,4218
2023-11-01,P040,6256
2023-12-01,P001,2527
2023-12-01,P002,12403
2023-12-01,P003,1480
2023-12-01,P004,8190
2023-12-01,P005,3590
2023-12-01,P006,3305
2023-12-01,P007,1270
2023-12-01,P008,1509
2023-12-01,P009,3408
2023-12-01,P010,6967
2023-12-01,P011,10062
2023-12-01,P012,2124
2023-12-01,P013,12152
2023-12-01,P014,4098
2023-12-01,P015,3643
2023-12-01,P016,6079
2023-12-01,P017,6752
2023-12-01,P018,4375
2023-12-01,P019,4410
2023-12-01,P020,1808
2023-12-01,P021,2466
2023-12-01,P022,3540
2023-12-01,P023,687
2023-12-01,P024,1688
2023-12-01,P025,1765
2023-12-01,P026,1828
2023-12-01,P027,6657
2023-12-01,P028,4540
2023-12-01,P029,7537
2023-12-01,P030,11305
2023-12-01,P031,4277
2023-12-01,P032,7705
2023-12-01,P033,6197
2023-12-01,P034,5866
2023-12-01,P035,4025
2023-12-01,P036,4408
2023-12-01,P037,1871
2023-12-01,P038,3636
2023-12-01,P039,2343
2023-12-01,P040,3972
2024-01-01,P001,5185
2024-01-01,P002,9546
2024-01-01,P003,1318
2024-01-01,P004,11135
2024-01-01,P005,3841
2024-01-01,P006,2117
2024-01-01,P007,3517
2024-01-01,P008,2724
2024-01-01,P009,4963
2024-01-01,P010,1578
2024-01-01,P011,9533
2024-01-01,P012,1286
2024-01-01,P013,26614
2024-01-01,P014,2448
2024-01-01,P015,6426
2024-01-01,P016,3155
2024-01-01,P017,5369
2024-01-01,P018,2795
2024-01-01,P019,6255
2024-01-01,P020,4302
2024-01-01,P021,3252
2024-01-01,P022,2068
2024-01-01,P023,793
2024-01-01,P024,1792
2024-01-01,P025,1282
2024-01-01,P026,3469
2024-01-01,P027,7054
2024-01-01,P028,6407
2024-01-01,P029,3795
2024-01-01,P030,14627
2024-01-01,P031,2443
2024-01-01,P032,6710
2024-01-01,P033,7834
2024-01-01,P034,9630
2024-01-01,P035,10777
2024-01-01,P036,9596
2024-01-01,P037,1869
2024-01-01,P038,5298
2024-01-01,P039,2578
2024-01-01,P040,13967
2024-02-01,P001,5532
2024-02-01,P002,28445
2024-02-01,P003,1418
2024-02-01,P004,11798
2024-02-01,P005,3432
2024-02-01,P006,2376
2024-02-01,P007,2771
2024-02-01,P008,1971
2024-02-01,P009,5949
2024-02-01,P010,5871
2024-02-01,P011,15086
2024-02-01,P012,3063
2024-02-01,P013,18997
2024-02-01,P014,4317
2024-02-01,P015,6027
2024-02-01,P016,3020
2024-02-01,P017,3235
2024-02-01,P018,3773
2024-02-01,P019,3439
2024-02-01,P020,6252
2024-02-01,P021,6142
2024-02-01,P022,4932
2024-02-01,P023,1579
2024-02-01,P024,2307
2024-02-01,P025,1236
2024-02-01,P026,5783
2024-02-01,P027,8749
2024-02-01,P028,3218
2024-02-01,P029,4984
2024-02-01,P030,11016
2024-02-01,P031,4997
2024-02-01,P032,7276
2024-02-01,P033,8667
2024-02-01,P034,5871
2024-02-01,P035,8525
2024-02-01,P036,8813
2024-02-01,P037,2363
2024-02-01,P038,1776
2024-02-01,P039,6690
2024-02-01,P040,10889
2024-03-01,P001,3115
2024-03-01,P002,15669
2024-03-01,P003,1378
2024-03-01,P004,17351
2024-03-01,P005,3293
2024-03-01,P006,6621
2024-03-01,P007,3199
2024-03-01,P008,2556
2024-03-01,P009,5407
2024-03-01,P010,6365
2024-03-01,P011,9803
2024-03-01,P012,862
2024-03-01,P013,15891
2024-03-01,P014,3413
2024-03-01,P015,4774
2024-03-01,P016,4826
2024-03-01,P017,3705
2024-03-01,P018,3463
2024-03-01,P019,1778
2024-03-01,P020,6932
2024-03-01,P021,3119
2024-03-01,P022,6548
2024-03-01,P023,1404
2024-03-01,P024,2113
2024-03-01,P025,780
2024-03-01,P026,945
2024-03-01,P027,6709
2024-03-01,P028,5683
2024-03-01,P029,7955
2024-03-01,P030,10890
2024-03-01,P031,5207
2024-03-01,P032,20038
2024-03-01,P033,9272
2024-03-01,P034,833
2024-03-01,P035,6206
2024-03-01,P036,6865
2024-03-01,P037,2261
2024-03-01,P038,3840
2024-03-01,P039,3014
2024-03-01,P040,12124
2024-04-01,P001,2682
2024-04-01,P002,15577
2024-04-01,P003,1550
2024-04-01,P004,12807
2024-04-01,P005,2387
2024-04-01,P006,3541
2024-04-01,P007,979
2024-04-01,P008,4057
2024-04-01,P009,6086
2024-04-01,P010,3450
2024-04-01,P011,19096
2024-04-01,P012,4083
2024-04-01,P013,15412
2024-04-01,P014,5684
2024-04-01,P015,4734
2024-04-01,P016,3714
2024-04-01,P017,10638
2024-04-01,P018,2814
2024-04-01,P019,3662
2024-04-01,P020,4574
2024-04-01,P021,3964
2024-04-01,P022,9180
2024-04-01,P023,1400
2024-04-01,P024,4336
2024-04-01,P025,2165
2024-04-01,P026,2905
2024-04-01,P027,12134
2024-04-01,P028,5358
2024-04-01,P029,4901
2024-04-01,P030,7503
2024-04-01,P031,5443
2024-04-01,P032,9367
2024-04-01,P033,6378
2024-04-01,P034,7711
2024-04-01,P035,7834
2024-04-01,P036,6730
2024-04-01,P037,1206
2024-04-01,P038,2858
2024-04-01,P039,2386
2024-04-01,P040,12816
2024-05-01,P001,3078
2024-05-01,P002,11722
2024-05-01,P003,1622
2024-05-01,P004,19100
2024-05-01,P005,3509
2024-05-01,P006,1825
2024-05-01,P007,1787
2024-05-01,P008,5642
2024-05-01,P009,5122
2024-05-01,P010,2592
2024-05-01,P011,11547
2024-05-01,P012,3075
2024-05-01,P013,12545
2024-05-01,P014,2505
2024-05-01,P015,6798
2024-05-01,P016,8482
2024-05-01,P017,2274
2024-05-01,P018,5025
2024-05-01,P019,3669
2024-05-01,P020,4205
2024-05-01,P021,4493
2024-05-01,P022,5097
2024-05-01,P023,1642
2024-05-01,P024,1925
2024-05-01,P025,1234
2024-05-01,P026,2392
2024-05-01,P027,8531
2024-05-01,P028,8657
2024-05-01,P029,8873
2024-05-01,P030,11936
2024-05-01,P031,4630
2024-05-01,P032,5738
2024-05-01,P033,10093
2024-05-01,P034,10504
2024-05-01,P035,6580
2024-05-01,P036,13864
2024-05-01,P037,3782
2024-05-01,P038,3600
2024-05-01,P039,2246
2024-05-01,P040,7823
2024-06-01,P001,5336
2024-06-01,P002,22667
2024-06-01,P003,1278
2024-06-01,P004,12949
2024-06-01,P005,5201
2024-06-01,P006,2852
2024-06-01,P007,2942
2024-06-01,P008,3242
2024-06-01,P009,3808
2024-06-01,P010,2488
2024-06-01,P011,28372
2024-06-01,P012,2712
2024-06-01,P013,12731
2024-06-01,P014,3324
2024-06-01,P015,5810
2024-06-01,P016,3886
2024-06-01,P017,6339
2024-06-01,P018,4802
2024-06-01,P019,7256
2024-06-01,P020,7013
2024-06-01,P021,3754
2024-06-01,P022,3717
2024-06-01,P023,798
2024-06-01,P024,1668
2024-06-01,P025,1137
2024-06-01,P026,1643
2024-06-01,P027,7025
2024-06-01,P028,6403
2024-06-01,P029,4160
2024-06-01,P030,20973
2024-06-01,P031,2777
2024-06-01,P032,7913
2024-06-01,P033,6672
2024-06-01,P034,7221
2024-06-01,P035,7871
2024-06-01,P036,18773
2024-06-01,P037,1452
2024-06-01,P038,5450
2024-06-01,P039,4374
2024-06-01,P040,7533
2024-07-01,P001,3216
2024-07-01,P002,26523
2024-07-01,P003,1595
2024-07-01,P004,12443
2024-07-01,P005,4475
2024-07-01,P006,2759
2024-07-01,P007,2250
2024-07-01,P008,2284
2024-07-01,P009,8862
2024-07-01,P010,2436
2024-07-01,P011,17169
2024-07-01,P012,2294
2024-07-01,P013,17198
2024-07-01,P014,3382
2024-07-01,P015,2987
2024-07-01,P016,6762
2024-07-01,P017,2502
2024-07-01,P018,2863
2024-07-01,P019,4328
2024-07-01,P020,10103
2024-07-01,P021,5628
2024-07-01,P022,4158
2024-07-01,P023,453
2024-07-01,P024,3557
2024-07-01,P025,1405
2024-07-01,P026,1875
2024-07-01,P027,7278
2024-07-01,P028,2857
2024-07-01,P029,7396
2024-07-01,P030,12407
2024-07-01,P031,3941
2024-07-01,P032,6268
2024-07-01,P033,6376
2024-07-01,P034,8108
2024-07-01,P035,9174
2024-07-01,P036,5979
2024-07-01,P037,2286
2024-07-01,P038,3129
2024-07-01,P039,2081
2024-07-01,P040,17490
2024-08-01,P001,3268
2024-08-01,P002,18598
2024-08-01,P003,2292
2024-08-01,P004,6074
2024-08-01,P005,3397
2024-08-01,P006,2146
2024-08-01,P007,3969
2024-08-01,P008,2870
2024-08-01,P009,4970
2024-08-01,P010,2391
2024-08-01,P011,9625
2024-08-01,P012,1900
2024-08-01,P013,17784
2024-08-01,P014,2887
2024-08-01,P015,3523
2024-08-01,P016,5306
2024-08-01,P017,6143
2024-08-01,P018,2915
2024-08-01,P019,1296
2024-08-01,P020,7134
2024-08-01,P021,2733
2024-08-01,P022,3589
2024-08-01,P023,780
2024-08-01,P024,1106
2024-08-01,P025,1536
2024-08-01,P026,2262
2024-08-01,P027,5193
2024-08-01,P028,5490
2024-08-01,P029,6072
2024-08-01,P030,8726
2024-08-01,P031,3062
2024-08-01,P032,5769
2024-08-01,P033,6365
2024-08-01,P034,3782
2024-08-01,P035,2683
2024-08-01,P036,5288
2024-08-01,P037,1914
2024-08-01,P038,2231
2024-08-01,P039,1567
2024-08-01,P040,6775
2024-09-01,P001,2625
2024-09-01,P002,9166
2024-09-01,P003,1652
2024-09-01,P004,10309
2024-09-01,P005,4074
2024-09-01,P006,2065
2024-09-01,P007,2127
2024-09-01,P008,1858
2024-09-01,P009,3674
2024-09-01,P010,3290
2024-09-01,P011,11498
2024-09-01,P012,1571
2024-09-01,P013,8910
2024-09-01,P014,2524
2024-09-01,P015,6854
2024-09-01,P016,3723
2024-09-01,P017,2659
2024-09-01,P018,1635
2024-09-01,P019,5955
2024-09-01,P020,3862
2024-09-01,P021,2838
2024-09-01,P022,2635
2024-09-01,P023,997
2024-09-01,P024,1191
2024-09-01,P025,708
2024-09-01,P026,2479
2024-09-01,P027,968
2024-09-01,P028,5691
2024-09-01,P029,8652
2024-09-01,P030,9274
2024-09-01,P031,2120
2024-09-01,P032,6609
2024-09-01,P033,10080
2024-09-01,P034,2972
2024-09-01,P035,7341
2024-09-01,P036,6343
2024-09-01,P037,2248
2024-09-01,P038,1531
2024-09-01,P039,3834
2024-09-01,P040,7456
2024-10-01,P001,2164
2024-10-01,P002,20870
2024-10-01,P003,1675
2024-10-01,P004,13008
2024-10-01,P005,2408
2024-10-01,P006,1356
2024-10-01,P007,2217
2024-10-01,P008,2487
2024-10-01,P009,4363
2024-10-01,P010,3077
2024-10-01,P011,9992
2024-10-01,P012,1979
2024-10-01,P013,16185
2024-10-01,P014,2734
2024-10-01,P015,3688
2024-10-01,P016,4613
2024-10-01,P017,4385
2024-10-01,P018,2391
2024-10-01,P019,1716
2024-10-01,P020,6129
2024-10-01,P021,2277
2024-10-01,P022,3124
2024-10-01,P023,798
2024-10-01,P024,2533
2024-10-01,P025,1257
2024-10-01,P026,2462
2024-10-01,P027,2454
2024-10-01,P028,5219
2024-10-01,P029,4244
2024-10-01,P030,17275
2024-10-01,P031,2595
2024-10-01,P032,5734
2024-10-01,P033,5334
2024-10-01,P034,4450
2024-10-01,P035,5168
2024-10-01,P036,5633
2024-10-01,P037,1432
2024-10-01,P038,3121
2024-10-01,P039,1885
2024-10-01,P040,6820
2024-11-01,P001,3356
2024-11-01,P002,15483
2024-11-01,P003,1360
2024-11-01,P004,11362
2024-11-01,P005,1935
2024-11-01,P006,2702
2024-11-01,P007,2214
2024-11-01,P008,2991
2024-11-01,P009,5095
2024-11-01,P010,3873
2024-11-01,P011,8146
2024-11-01,P012,3513
2024-11-01,P013,10639
2024-11-01,P014,1659
2024-11-01,P015,3827
2024-11-01,P016,5859
2024-11-01,P017,3151
2024-11-01,P018,3197
2024-11-01,P019,5202
2024-11-01,P020,5616
2024-11-01,P021,2008
2024-11-01,P022,3449
2024-11-01,P023,1654
2024-11-01,P024,1809
2024-11-01,P025,2506
2024-11-01,P026,2879
2024-11-01,P027,7790
2024-11-01,P028,6750
2024-11-01,P029,9866
2024-11-01,P030,6592
2024-11-01,P031,3270
2024-11-01,P032,6691
2024-11-01,P033,4606
2024-11-01,P034,4990
2024-11-01,P035,9957
2024-11-01,P036,9520
2024-11-01,P037,3015
2024-11-01,P038,2664
2024-11-01,P039,3522
2024-11-01,P040,10962
2024-12-01,P001,1617
2024-12-01,P002,23830
2024-12-01,P003,1540
2024-12-01,P004,9105
2024-12-01,P005,5349
2024-12-01,P006,2246
2024-12-01,P007,1375
2024-12-01,P008,1229
2024-12-01,P009,6715
2024-12-01,P010,3265
2024-12-01,P011,14013
2024-12-01,P012,3006
2024-12-01,P013,13489
2024-12-01,P014,3704
2024-12-01,P015,6141
2024-12-01,P016,4564
2024-12-01,P017,3409
2024-12-01,P018,3133
2024-12-01,P019,5026
2024-12-01,P020,5905
2024-12-01,P021,1829
2024-12-01,P022,4326
2024-12-01,P023,1285
2024-12-01,P024,2609
2024-12-01,P025,868
2024-12-01,P026,1756
2024-12-01,P027,3848
2024-12-01,P028,4820
2024-12-01,P029,6056
2024-12-01,P030,12407
2024-12-01,P031,3236
2024-12-01,P032,4247
2024-12-01,P033,9637
2024-12-01,P034,3142
2024-12-01,P035,3868
2024-12-01,P036,7178
2024-12-01,P037,2586
2024-12-01,P038,3125
2024-12-01,P039,2140
2024-12-01,P040,6947
2025-01-01,P001,3943
2025-01-01,P002,18179
2025-01-01,P003,1987
2025-01-01,P004,10551
2025-01-01,P005,2973
2025-01-01,P006,4099
2025-01-01,P007,2552
2025-01-01,P008,1472
2025-01-01,P009,4463
2025-01-01,P010,4170
2025-01-01,P011,17768
2025-01-01,P012,1392
2025-01-01,P013,26982
2025-01-01,P014,6937
2025-01-01,P015,5628
2025-01-01,P016,6979
2025-01-01,P017,4874
2025-01-01,P018,3296
2025-01-01,P019,6239
2025-01-01,P020,3171
2025-01-01,P021,2611
2025-01-01,P022,5568
2025-01-01,P023,1788
2025-01-01,P024,1137
2025-01-01,P025,1524
2025-01-01,P026,2260
2025-01-01,P027,6028
2025-01-01,P028,4688
2025-01-01,P029,5397
2025-01-01,P030,7514
2025-01-01,P031,5178
2025-01-01,P032,8832
2025-01-01,P033,9351
2025-01-01,P034,5828
2025-01-01,P035,9540
2025-01-01,P036,10392
2025-01-01,P037,3277
2025-01-01,P038,1756
2025-01-01,P039,1021
2025-01-01,P040,6804
2025-02-01,P001,4026
2025-02-01,P002,9054
2025-02-01,P003,1914
2025-02-01,P004,4927
2025-02-01,P005,3633
2025-02-01,P006,2613
2025-02-01,P007,2357
2025-02-01,P008,2568
2025-02-01,P009,3576
2025-02-01,P010,3114
2025-02-01,P011,7901
2025-02-01,P012,2998
2025-02-01,P013,11114
2025-02-01,P014,2955
2025-02-01,P015,7075
2025-02-01,P016,3995
2025-02-01,P017,5597
2025-02-01,P018,1952
2025-02-01,P019,5619
2025-02-01,P020,6652
2025-02-01,P021,3122
2025-02-01,P022,3324
2025-02-01,P023,2740
2025-02-01,P024,3792
2025-02-01,P025,1493
2025-02-01,P026,3581
2025-02-01,P027,7854
2025-02-01,P028,5813
2025-02-01,P029,7288
2025-02-01,P030,19144
2025-02-01,P031,4823
2025-02-01,P032,6248
2025-02-01,P033,10562
2025-02-01,P034,7111
2025-02-01,P035,6580
2025-02-01,P036,11214
2025-02-01,P037,2834
2025-02-01,P038,3659
2025-02-01,P039,3250
2025-02-01,P040,9949
2025-03-01,P001,3701
2025-03-01,P002,20295
2025-03-01,P003,2572
2025-03-01,P004,15090
2025-03-01,P005,5053
2025-03-01,P006,2386
2025-03-01,P007,2657
2025-03-01,P008,2186
2025-03-01,P009,3829
2025-03-01,P010,4730
2025-03-01,P011,9688
2025-03-01,P012,3175
2025-03-01,P013,27688
2025-03-01,P014,2668
2025-03-01,P015,3006
2025-03-01,P016,7916
2025-03-01,P017,5022
2025-03-01,P018,5619
2025-03-01,P019,3475
2025-03-01,P020,6721
2025-03-01,P021,3313
2025-03-01,P022,2974
2025-03-01,P023,2727
2025-03-01,P024,1792
2025-03-01,P025,1570
2025-03-01,P026,2762
2025-03-01,P027,6464
2025-03-01,P028,8598
2025-03-01,P029,16419
2025-03-01,P030,11727
2025-03-01,P031,3995
2025-03-01,P032,6575
2025-03-01,P033,7421
2025-03-01,P034,4753
2025-03-01,P035,10741
2025-03-01,P036,10795
2025-03-01,P037,4908
2025-03-01,P038,2084
2025-03-01,P039,3641
2025-03-01,P040,9531
2025-04-01,P001,4621
2025-04-01,P002,12067
2025-04-01,P003,2341
2025-04-01,P004,14997
2025-04-01,P005,3220
2025-04-01,P006,4587
2025-04-01,P007,2886
2025-04-01,P008,2588
2025-04-01,P009,5907
2025-04-01,P010,1832
2025-04-01,P011,17056
2025-04-01,P012,2953
2025-04-01,P013,8448
2025-04-01,P014,2047
2025-04-01,P015,6241
2025-04-01,P016,5725
2025-04-01,P017,3217
2025-04-01,P018,4541
2025-04-01,P019,4908
2025-04-01,P020,6028
2025-04-01,P021,3053
2025-04-01,P022,5634
2025-04-01,P023,1232
2025-04-01,P024,4033
2025-04-01,P025,1180
2025-04-01,P026,2970
2025-04-01,P027,13049
2025-04-01,P028,5285
2025-04-01,P029,9367
2025-04-01,P030,15616
2025-04-01,P031,3001
2025-04-01,P032,13214
2025-04-01,P033,7976
2025-04-01,P034,9152
2025-04-01,P035,7564
2025-04-01,P036,12482
2025-04-01,P037,990
2025-04-01,P038,3672
2025-04-01,P039,4054
2025-04-01,P040,9129
2025-05-01,P001,4176
2025-05-01,P002,14199
2025-05-01,P003,1670
2025-05-01,P004,9263
2025-05-01,P005,3623
2025-05-01,P006,2193
2025-05-01,P007,2388
2025-05-01,P008,2539
2025-05-01,P009,4990
2025-05-01,P010,3720
2025-05-01,P011,13453
2025-05-01,P012,2646
2025-05-01,P013,16425
2025-05-01,P014,2845
2025-05-01,P015,3459
2025-05-01,P016,7382
2025-05-01,P017,4105
2025-05-01,P018,4125
2025-05-01,P019,2716
2025-05-01,P020,6011
2025-05-01,P021,3399
2025-05-01,P022,6849
2025-05-01,P023,2681
2025-05-01,P024,2531
2025-05-01,P025,1440
2025-05-01,P026,1290
2025-05-01,P027,5200
2025-05-01,P028,5036
2025-05-01,P029,13096
2025-05-01,P030,14109
2025-05-01,P031,4436
2025-05-01,P032,5567
2025-05-01,P033,13321
2025-05-01,P034,4028
2025-05-01,P035,8789
2025-05-01,P036,6522
2025-05-01,P037,1819
2025-05-01,P038,3030
2025-05-01,P039,2753
2025-05-01,P040,8951
2025-06-01,P001,5692
2025-06-01,P002,32556
2025-06-01,P003,2077
2025-06-01,P004,8754
2025-06-01,P005,1153
2025-06-01,P006,2495
2025-06-01,P007,4982
2025-06-01,P008,2724
2025-06-01,P009,4526
2025-06-01,P010,1227
2025-06-01,P011,25470
2025-06-01,P012,3625
2025-06-01,P013,21435
2025-06-01,P014,4171
2025-06-01,P015,5006
2025-06-01,P016,4278
2025-06-01,P017,4509
2025-06-01,P018,3460
2025-06-01,P019,4587
2025-06-01,P020,8203
2025-06-01,P021,4191
2025-06-01,P022,3479
2025-06-01,P023,766
2025-06-01,P024,3467
2025-06-01,P025,1486
2025-06-01,P026,2886
2025-06-01,P027,11238
2025-06-01,P028,5572
2025-06-01,P029,5950
2025-06-01,P030,12417
2025-06-01,P031,3925
2025-06-01,P032,5586
2025-06-01,P033,9185
2025-06-01,P034,5825
2025-06-01,P035,9415
2025-06-01,P036,8474
2025-06-01,P037,1854
2025-06-01,P038,2128
2025-06-01,P039,4444
2025-06-01,P040,12793
2025-07-01,P001,1903
2025-07-01,P002,12316
2025-07-01,P003,1541
2025-07-01,P004,7539
2025-07-01,P005,4102
2025-07-01,P006,3616
2025-07-01,P007,2633
2025-07-01,P008,2814
2025-07-01,P009,4416
2025-07-01,P010,2188
2025-07-01,P011,7825
2025-07-01,P012,2702
2025-07-01,P013,10455
2025-07-01,P014,3736
2025-07-01,P015,4417
2025-07-01,P016,2149
2025-07-01,P017,1068
2025-07-01,P018,3353
2025-07-01,P019,5647
2025-07-01,P020,5357
2025-07-01,P021,5487
2025-07-01,P022,3741
2025-07-01,P023,1884
2025-07-01,P024,1694
2025-07-01,P025,991
2025-07-01,P026,1828
2025-07-01,P027,3640
2025-07-01,P028,3732
2025-07-01,P029,3710
2025-07-01,P030,14782
2025-07-01,P031,2650
2025-07-01,P032,4173
2025-07-01,P033,9752
2025-07-01,P034,3843
2025-07-01,P035,5035
2025-07-01,P036,10595
2025-07-01,P037,1303
2025-07-01,P038,2795
2025-07-01,P039,4601
2025-07-01,P040,9924
2025-08-01,P001,3741
2025-08-01,P002,15002
2025-08-01,P003,1385
2025-08-01,P004,6378
2025-08-01,P005,2962
2025-08-01,P006,3129
2025-08-01,P007,2466
2025-08-01,P008,2285
2025-08-01,P009,3943
2025-08-01,P010,2052
2025-08-01,P011,15611
2025-08-01,P012,2869
2025-08-01,P013,17230
2025-08-01,P014,2635
2025-08-01,P015,4564
2025-08-01,P016,5015
2025-08-01,P017,5206
2025-08-01,P018,1608
2025-08-01,P019,3619
2025-08-01,P020,5660
2025-08-01,P021,3525
2025-08-01,P022,3477
2025-08-01,P023,1187
2025-08-01,P024,1213
2025-08-01,P025,1534
2025-08-01,P026,2771
2025-08-01,P027,11703
2025-08-01,P028,3040
2025-08-01,P029,3944
2025-08-01,P030,9976
2025-08-01,P031,2933
2025-08-01,P032,5320
2025-08-01,P033,10497
2025-08-01,P034,3571
2025-08-01,P035,5828
2025-08-01,P036,7782
2025-08-01,P037,1282
2025-08-01,P038,4202
2025-08-01,P039,1286
2025-08-01,P040,7215
2025-09-01,P001,6995
2025-09-01,P002,14190
2025-09-01,P003,1792
2025-09-01,P004,14910
2025-09-01,P005,3410
2025-09-01,P006,2179
2025-09-01,P007,2582
2025-09-01,P008,1369
2025-09-01,P009,6968
2025-09-01,P010,1173
2025-09-01,P011,10557
2025-09-01,P012,1733
2025-09-01,P013,11400
2025-09-01,P014,2479
2025-09-01,P015,4202
2025-09-01,P016,3330
2025-09-01,P017,2635
2025-09-01,P018,3173
2025-09-01,P019,2560
2025-09-01,P020,6556
2025-09-01,P021,2656
2025-09-01,P022,4539
2025-09-01,P023,1361
2025-09-01,P024,2394
2025-09-01,P025,890
2025-09-01,P026,2781
2025-09-01,P027,4997
2025-09-01,P028,5572
2025-09-01,P029,4567
2025-09-01,P030,7902
2025-09-01,P031,3226
2025-09-01,P032,5896
2025-09-01,P033,6669
2025-09-01,P034,4065
2025-09-01,P035,5257
2025-09-01,P036,9361
2025-09-01,P037,820
2025-09-01,P038,2689
2025-09-01,P039,3551
2025-09-01,P040,10426
2025-10-01,P001,4054
2025-10-01,P002,14093
2025-10-01,P003,1727
2025-10-01,P004,5442
2025-10-01,P005,2987
2025-10-01,P006,1894
2025-10-01,P007,2540
2025-10-01,P008,2205
2025-10-01,P009,4067
2025-10-01,P010,3150
2025-10-01,P011,11896
2025-10-01,P012,1541
2025-10-01,P013,11845
2025-10-01,P014,3544
2025-10-01,P015,3847
2025-10-01,P016,5486
2025-10-01,P017,6218
2025-10-01,P018,2429
2025-10-01,P019,1302
2025-10-01,P020,3200
2025-10-01,P021,3936
2025-10-01,P022,1439
2025-10-01,P023,707
2025-10-01,P024,675
2025-10-01,P025,1487
2025-10-01,P026,2136
2025-10-01,P027,3540
2025-10-01,P028,3795
2025-10-01,P029,5733
2025-10-01,P030,6867
2025-10-01,P031,3589
2025-10-01,P032,6172
2025-10-01,P033,7423
2025-10-01,P034,3934
2025-10-01,P035,4335
2025-10-01,P036,7272
2025-10-01,P037,1119
2025-10-01,P038,1261
2025-10-01,P039,1869
2025-10-01,P040,13613
2025-11-01,P001,2137
2025-11-01,P002,12270
2025-11-01,P003,2425
2025-11-01,P004,4257
2025-11-01,P005,2891
2025-11-01,P006,2629
2025-11-01,P007,3076
2025-11-01,P008,2011
2025-11-01,P009,1542
2025-11-01,P010,3225
2025-11-01,P011,10260
2025-11-01,P012,2086
2025-11-01,P013,12183
2025-11-01,P014,3101
2025-11-01,P015,4789
2025-11-01,P016,3904
2025-11-01,P017,3866
2025-11-01,P018,3608
2025-11-01,P019,1756
2025-11-01,P020,4466
2025-11-01,P021,2443
2025-11-01,P022,4072
2025-11-01,P023,3606
2025-11-01,P024,2422
2025-11-01,P025,1146
2025-11-01,P026,1435
2025-11-01,P027,7930
2025-11-01,P028,4230
2025-11-01,P029,6132
2025-11-01,P030,8631
2025-11-01,P031,3203
2025-11-01,P032,6149
2025-11-01,P033,10888
2025-11-01,P034,6976
2025-11-01,P035,2790
2025-11-01,P036,7240
2025-11-01,P037,3247
2025-11-01,P038,3703
2025-11-01,P039,2106
2025-11-01,P040,6901
2025-12-01,P001,3230
2025-12-01,P002,22558
2025-12-01,P003,1491
2025-12-01,P004,14270
2025-12-01,P005,2159
2025-12-01,P006,2906
2025-12-01,P007,2097
2025-12-01,P008,1266
2025-12-01,P009,3689
2025-12-01,P010,2610
2025-12-01,P011,16872
2025-12-01,P012,2271
2025-12-01,P013,14741
2025-12-01,P014,3034
2025-12-01,P015,6605
2025-12-01,P016,3456
2025-12-01,P017,4253
2025-12-01,P018,4877
2025-12-01,P019,2213
2025-12-01,P020,2234
2025-12-01,P021,2262
2025-12-01,P022,4001
2025-12-01,P023,1083
2025-12-01,P024,1218
2025-12-01,P025,2059
2025-12-01,P026,1204
2025-12-01,P027,5362
2025-12-01,P028,4952
2025-12-01,P029,6302
2025-12-01,P030,11561
2025-12-01,P031,2350
2025-12-01,P032,4975
2025-12-01,P033,8718
2025-12-01,P034,5529
2025-12-01,P035,2723
2025-12-01,P036,6016
2025-12-01,P037,2582
2025-12-01,P038,3273
2025-12-01,P039,5957
2025-12-01,P040,13061
