month,product_id,forecast_units
2020-01-01,P001,1985
2020-01-01,P002,5865
2020-01-01,P003,373
2020-01-01,P004,4832
2020-01-01,P005,1344
2020-01-01,P006,1552
2020-01-01,P007,1359
2020-01-01,P008,1459
2020-01-01,P009,1559
2020-01-01,P010,2585
2020-01-01,P011,7749
2020-01-01,P012,1313
2020-01-01,P013,6966
2020-01-01,P014,1789
2020-01-01,P015,2242
2020-01-01,P016,3113
2020-01-01,P017,2622
2020-01-01,P018,1052
2020-01-01,P019,2557
2020-01-01,P020,4858
2020-01-01,P021,2342
2020-01-01,P022,1883
2020-01-01,P023,858
2020-01-01,P024,1785
2020-01-01,P025,659
2020-01-01,P026,822
2020-01-01,P027,5823
2020-01-01,P028,3814
2020-01-01,P029,5482
2020-01-01,P030,8428
2020-01-01,P031,1754
2020-01-01,P032,2821
2020-01-01,P033,7188
2020-01-01,P034,4732
2020-01-01,P035,4222
2020-01-01,P036,3621
2020-01-01,P037,2231
2020-01-01,P038,1685
2020-01-01,P039,1508
2020-01-01,P040,7393
2020-02-01,P001,1983
2020-02-01,P002,7862
2020-02-01,P003,849
2020-02-01,P004,7051
2020-02-01,P005,2203
2020-02-01,P006,1059
2020-02-01,P007,2012
2020-02-01,P008,955
2020-02-01,P009,3046
2020-02-01,P010,1981
2020-02-01,P011,5330
2020-02-01,P012,1161
2020-02-01,P013,8098
2020-02-01,P014,2303
2020-02-01,P015,1511
2020-02-01,P016,2714
2020-02-01,P017,3645
2020-02-01,P018,1654
2020-02-01,P019,3468
2020-02-01,P020,5262
2020-02-01,P021,2667
2020-02-01,P022,2221
2020-02-01,P023,852
2020-02-01,P024,2069
2020-02-01,P025,910
2020-02-01,P026,1324
2020-02-01,P027,4145
2020-02-01,P028,3791
2020-02-01,P029,3456
2020-02-01,P030,8577
2020-02-01,P031,2921
2020-02-01,P032,4093
2020-02-01,P033,4163
2020-02-01,P034,2795
2020-02-01,P035,3807
2020-02-01,P036,4208
2020-02-01,P037,1873
2020-02-01,P038,1419
2020-02-01,P039,1616
2020-02-01,P040,3751
2020-03-01,P001,2355
2020-03-01,P002,4574
2020-03-01,P003,894
2020-03-01,P004,5531
2020-03-01,P005,1523
2020-03-01,P006,961
2020-03-01,P007,1461
2020-03-01,P008,2141
2020-03-01,P009,1584
2020-03-01,P010,1627
2020-03-01,P011,10579
2020-03-01,P012,2540
2020-03-01,P013,4780
2020-03-01,P014,1750
2020-03-01,P015,2590
2020-03-01,P016,3036
2020-03-01,P017,2738
2020-03-01,P018,1872
2020-03-01,P019,2995
2020-03-01,P020,6213
2020-03-01,P021,2141
2020-03-01,P022,2338
2020-03-01,P023,747
2020-03-01,P024,876
2020-03-01,P025,669
2020-03-01,P026,1672
2020-03-01,P027,5192
2020-03-01,P028,2326
2020-03-01,P029,5545
2020-03-01,P030,6840
2020-03-01,P031,2399
2020-03-01,P032,3630
2020-03-01,P033,5587
2020-03-01,P034,4285
2020-03-01,P035,5650
2020-03-01,P036,5071
2020-03-01,P037,1951
2020-03-01,P038,5235
2020-03-01,P039,2033
2020-03-01,P040,5752
2020-04-01,P001,2344
2020-04-01,P002,10861
2020-04-01,P003,987
2020-04-01,P004,8793
2020-04-01,P005,730
2020-04-01,P006,1770
2020-04-01,P007,1964
2020-04-01,P008,1484
2020-04-01,P009,1606
2020-04-01,P010,2719
2020-04-01,P011,7674
2020-04-01,P012,1792
2020-04-01,P013,7993
2020-04-01,P014,2238
2020-04-01,P015,2198
2020-04-01,P016,3417
2020-04-01,P017,1942
2020-04-01,P018,1759
2020-04-01,P019,4045
2020-04-01,P020,5388
2020-04-01,P021,1542
2020-04-01,P022,1561
2020-04-01,P023,1271
2020-04-01,P024,3194
2020-04-01,P025,271
2020-04-01,P026,1972
2020-04-01,P027,5848
2020-04-01,P028,3296
2020-04-01,P029,3641
2020-04-01,P030,7087
2020-04-01,P031,2835
2020-04-01,P032,2876
2020-04-01,P033,7951
2020-04-01,P034,5062
2020-04-01,P035,4502
2020-04-01,P036,7216
2020-04-01,P037,1153
2020-04-01,P038,2551
2020-04-01,P039,1982
2020-04-01,P040,8567
2020-05-01,P001,2033
2020-05-01,P002,5133
2020-05-01,P003,617
2020-05-01,P004,8854
2020-05-01,P005,1854
2020-05-01,P006,1910
2020-05-01,P007,2641
2020-05-01,P008,1923
2020-05-01,P009,2353
2020-05-01,P010,1997
2020-05-01,P011,7586
2020-05-01,P012,1285
2020-05-01,P013,6448
2020-05-01,P014,2356
2020-05-01,P015,2544
2020-05-01,P016,2249
2020-05-01,P017,3419
2020-05-01,P018,1523
2020-05-01,P019,1771
2020-05-01,P020,3231
2020-05-01,P021,2460
2020-05-01,P022,2903
2020-05-01,P023,1023
2020-05-01,P024,1077
2020-05-01,P025,1035
2020-05-01,P026,2197
2020-05-01,P027,5677
2020-05-01,P028,4477
2020-05-01,P029,3395
2020-05-01,P030,6156
2020-05-01,P031,2423
2020-05-01,P032,2683
2020-05-01,P033,6005
2020-05-01,P034,4539
2020-05-01,P035,5778
2020-05-01,P036,4404
2020-05-01,P037,1332
2020-05-01,P038,2985
2020-05-01,P039,2629
2020-05-01,P040,8667
2020-06-01,P001,2812
2020-06-01,P002,4528
2020-06-01,P003,861
2020-06-01,P004,6142
2020-06-01,P005,1800
2020-06-01,P006,1323
2020-06-01,P007,1038
2020-06-01,P008,1342
2020-06-01,P009,3111
2020-06-01,P010,2066
2020-06-01,P011,6806
2020-06-01,P012,1742
2020-06-01,P013,9049
2020-06-01,P014,2228
2020-06-01,P015,2782
2020-06-01,P016,2995
2020-06-01,P017,5221
2020-06-01,P018,1771
2020-06-01,P019,4142
2020-06-01,P020,4539
2020-06-01,P021,1466
2020-06-01,P022,2825
2020-06-01,P023,877
2020-06-01,P024,1635
2020-06-01,P025,1002
2020-06-01,P026,924
2020-06-01,P027,4083
2020-06-01,P028,2586
2020-06-01,P029,3747
2020-06-01,P030,6008
2020-06-01,P031,2422
2020-06-01,P032,3713
2020-06-01,P033,3270
2020-06-01,P034,2440
2020-06-01,P035,3517
2020-06-01,P036,4649
2020-06-01,P037,1558
2020-06-01,P038,1325
2020-06-01,P039,2184
2020-06-01,P040,7541
2020-07-01,P001,2098
2020-07-01,P002,6281
2020-07-01,P003,656
2020-07-01,P004,5686
2020-07-01,P005,1025
2020-07-01,P006,1478
2020-07-01,P007,1510
2020-07-01,P008,1296
2020-07-01,P009,1694
2020-07-01,P010,2322
2020-07-01,P011,6875
2020-07-01,P012,1059
2020-07-01,P013,4601
2020-07-01,P014,1404
2020-07-01,P015,987
2020-07-01,P016,1859
2020-07-01,P017,4081
2020-07-01,P018,1448
2020-07-01,P019,2339
2020-07-01,P020,5216
2020-07-01,P021,2843
2020-07-01,P022,1725
2020-07-01,P023,1054
2020-07-01,P024,1374
2020-07-01,P025,558
2020-07-01,P026,1387
2020-07-01,P027,3351
2020-07-01,P028,1902
2020-07-01,P029,4693
2020-07-01,P030,8866
2020-07-01,P031,2007
2020-07-01,P032,1584
2020-07-01,P033,5290
2020-07-01,P034,2689
2020-07-01,P035,6084
2020-07-01,P036,4297
2020-07-01,P037,964
2020-07-01,P038,1997
2020-07-01,P039,1828
2020-07-01,P040,5055
2020-08-01,P001,1992
2020-08-01,P002,5807
2020-08-01,P003,633
2020-08-01,P004,6346
2020-08-01,P005,2057
2020-08-01,P006,1105
2020-08-01,P007,2029
2020-08-01,P008,1109
2020-08-01,P009,1437
2020-08-01,P010,2053
2020-08-01,P011,6213
2020-08-01,P012,1679
2020-08-01,P013,8590
2020-08-01,P014,1418
2020-08-01,P015,2026
2020-08-01,P016,3667
2020-08-01,P017,4536
2020-08-01,P018,1319
2020-08-01,P019,2123
2020-08-01,P020,4211
2020-08-01,P021,956
2020-08-01,P022,1929
2020-08-01,P023,734
2020-08-01,P024,1649
2020-08-01,P025,554
2020-08-01,P026,867
2020-08-01,P027,2605
2020-08-01,P028,2213
2020-08-01,P029,3294
2020-08-01,P030,5187
2020-08-01,P031,2359
2020-08-01,P032,4437
2020-08-01,P033,3524
2020-08-01,P034,3112
2020-08-01,P035,3623
2020-08-01,P036,2060
2020-08-01,P037,1260
2020-08-01,P038,2065
2020-08-01,P039,1522
2020-08-01,P040,6651
2020-09-01,P001,1519
2020-09-01,P002,6960
2020-09-01,P003,1126
2020-09-01,P004,4990
2020-09-01,P005,1482
2020-09-01,P006,969
2020-09-01,P007,1821
2020-09-01,P008,1170
2020-09-01,P009,1787
2020-09-01,P010,1708
2020-09-01,P011,6244
2020-09-01,P012,1351
2020-09-01,P013,6719
2020-09-01,P014,1811
2020-09-01,P015,1926
2020-09-01,P016,2404
2020-09-01,P017,3230
2020-09-01,P018,1430
2020-09-01,P019,2378
2020-09-01,P020,2127
2020-09-01,P021,1907
2020-09-01,P022,1000
2020-09-01,P023,614
2020-09-01,P024,1880
2020-09-01,P025,650
2020-09-01,P026,1096
2020-09-01,P027,2904
2020-09-01,P028,1317
2020-09-01,P029,4218
2020-09-01,P030,8462
2020-09-01,P031,1934
2020-09-01,P032,2569
2020-09-01,P033,4450
2020-09-01,P034,2093
2020-09-01,P035,3012
2020-09-01,P036,3714
2020-09-01,P037,1096
2020-09-01,P038,1758
2020-09-01,P039,2001
2020-09-01,P040,6277
2020-10-01,P001,1635
2020-10-01,P002,8482
2020-10-01,P003,533
2020-10-01,P004,5201
2020-10-01,P005,898
2020-10-01,P006,1221
2020-10-01,P007,1236
2020-10-01,P008,1201
2020-10-01,P009,1922
2020-10-01,P010,2907
2020-10-01,P011,6097
2020-10-01,P012,1416
2020-10-01,P013,7680
2020-10-01,P014,1874
2020-10-01,P015,1115
2020-10-01,P016,1992
2020-10-01,P017,3058
2020-10-01,P018,468
2020-10-01,P019,2393
2020-10-01,P020,4208
2020-10-01,P021,1682
2020-10-01,P022,993
2020-10-01,P023,710
2020-10-01,P024,1030
2020-10-01,P025,629
2020-10-01,P026,807
2020-10-01,P027,3849
2020-10-01,P028,2919
2020-10-01,P029,3512
2020-10-01,P030,6361
2020-10-01,P031,1475
2020-10-01,P032,4721
2020-10-01,P033,4326
2020-10-01,P034,4476
2020-10-01,P035,4232
2020-10-01,P036,4699
2020-10-01,P037,1188
2020-10-01,P038,1899
2020-10-01,P039,1502
2020-10-01,P040,4614
2020-11-01,P001,1876
2020-11-01,P002,4699
2020-11-01,P003,697
2020-11-01,P004,4930
2020-11-01,P005,1176
2020-11-01,P006,1019
2020-11-01,P007,1298
2020-11-01,P008,1277
2020-11-01,P009,1809
2020-11-01,P010,2099
2020-11-01,P011,5186
2020-11-01,P012,1716
2020-11-01,P013,6179
2020-11-01,P014,1408
2020-11-01,P015,1935
2020-11-01,P016,1858
2020-11-01,P017,2634
2020-11-01,P018,1830
2020-11-01,P019,1976
2020-11-01,P020,5450
2020-11-01,P021,2371
2020-11-01,P022,1775
2020-11-01,P023,814
2020-11-01,P024,984
2020-11-01,P025,692
2020-11-01,P026,849
2020-11-01,P027,3527
2020-11-01,P028,2866
2020-11-01,P029,4708
2020-11-01,P030,5320
2020-11-01,P031,1425
2020-11-01,P032,1903
2020-11-01,P033,5765
2020-11-01,P034,1657
2020-11-01,P035,2585
2020-11-01,P036,5368
2020-11-01,P037,860
2020-11-01,P038,1564
2020-11-01,P039,1496
2020-11-01,P040,4388
2020-12-01,P001,1933
2020-12-01,P002,6139
2020-12-01,P003,384
2020-12-01,P004,6824
2020-12-01,P005,1139
2020-12-01,P006,1317
2020-12-01,P007,1463
2020-12-01,P008,1179
2020-12-01,P009,2272
2020-12-01,P010,2260
2020-12-01,P011,7468
2020-12-01,P012,1070
2020-12-01,P013,4483
2020-12-01,P014,1627
2020-12-01,P015,2091
2020-12-01,P016,1814
2020-12-01,P017,3132
2020-12-01,P018,1085
2020-12-01,P019,1527
2020-12-01,P020,5124
2020-12-01,P021,1309
2020-12-01,P022,1545
2020-12-01,P023,1037
2020-12-01,P024,1259
2020-12-01,P025,611
2020-12-01,P026,1722
2020-12-01,P027,4456
2020-12-01,P028,3501
2020-12-01,P029,3972
2020-12-01,P030,5682
2020-12-01,P031,2157
2020-12-01,P032,2091
2020-12-01,P033,2275
2020-12-01,P034,3944
2020-12-01,P035,5634
2020-12-01,P036,3784
2020-12-01,P037,1018
2020-12-01,P038,2067
2020-12-01,P039,2052
2020-12-01,P040,5320
2021-01-01,P001,1437
2021-01-01,P002,8541
2021-01-01,P003,706
2021-01-01,P004,4304
2021-01-01,P005,1148
2021-01-01,P006,1400
2021-01-01,P007,1238
2021-01-01,P008,1205
2021-01-01,P009,1943
2021-01-01,P010,2502
2021-01-01,P011,5541
2021-01-01,P012,1715
2021-01-01,P013,4793
2021-01-01,P014,2723
2021-01-01,P015,2078
2021-01-01,P016,3062
2021-01-01,P017,2775
2021-01-01,P018,1689
2021-01-01,P019,2463
2021-01-01,P020,3514
2021-01-01,P021,2611
2021-01-01,P022,2425
2021-01-01,P023,757
2021-01-01,P024,1203
2021-01-01,P025,621
2021-01-01,P026,762
2021-01-01,P027,4555
2021-01-01,P028,3891
2021-01-01,P029,2915
2021-01-01,P030,4774
2021-01-01,P031,1697
2021-01-01,P032,3291
2021-01-01,P033,2303
2021-01-01,P034,3610
2021-01-01,P035,4779
2021-01-01,P036,3559
2021-01-01,P037,818
2021-01-01,P038,2746
2021-01-01,P039,2353
2021-01-01,P040,9194
2021-02-01,P001,2237
2021-02-01,P002,7496
2021-02-01,P003,927
2021-02-01,P004,6547
2021-02-01,P005,1986
2021-02-01,P006,1396
2021-02-01,P007,1759
2021-02-01,P008,1257
2021-02-01,P009,1914
2021-02-01,P010,3212
2021-02-01,P011,8148
2021-02-01,P012,1630
2021-02-01,P013,8473
2021-02-01,P014,2394
2021-02-01,P015,1850
2021-02-01,P016,2328
2021-02-01,P017,1954
2021-02-01,P018,1386
2021-02-01,P019,2779
2021-02-01,P020,2046
2021-02-01,P021,1501
2021-02-01,P022,1697
2021-02-01,P023,895
2021-02-01,P024,2925
2021-02-01,P025,682
2021-02-01,P026,1013
2021-02-01,P027,4802
2021-02-01,P028,4401
2021-02-01,P029,3730
2021-02-01,P030,5397
2021-02-01,P031,2240
2021-02-01,P032,2698
2021-02-01,P033,5851
2021-02-01,P034,6176
2021-02-01,P035,5927
2021-02-01,P036,3397
2021-02-01,P037,1269
2021-02-01,P038,1587
2021-02-01,P039,1778
2021-02-01,P040,4945
2021-03-01,P001,2570
2021-03-01,P002,8759
2021-03-01,P003,725
2021-03-01,P004,7932
2021-03-01,P005,2155
2021-03-01,P006,820
2021-03-01,P007,1238
2021-03-01,P008,1295
2021-03-01,P009,3341
2021-03-01,P010,2491
2021-03-01,P011,10023
2021-03-01,P012,1230
2021-03-01,P013,6714
2021-03-01,P014,2472
2021-03-01,P015,2106
2021-03-01,P016,2863
2021-03-01,P017,4252
2021-03-01,P018,1301
2021-03-01,P019,2430
2021-03-01,P020,5660
2021-03-01,P021,3755
2021-03-01,P022,1499
2021-03-01,P023,658
2021-03-01,P024,2303
2021-03-01,P025,946
2021-03-01,P026,1416
2021-03-01,P027,3443
2021-03-01,P028,3246
2021-03-01,P029,4235
2021-03-01,P030,10591
2021-03-01,P031,2640
2021-03-01,P032,3497
2021-03-01,P033,4786
2021-03-01,P034,4653
2021-03-01,P035,4620
2021-03-01,P036,3207
2021-03-01,P037,1908
2021-03-01,P038,2270
2021-03-01,P039,2596
2021-03-01,P040,5928
2021-04-01,P001,3433
2021-04-01,P002,9638
2021-04-01,P003,788
2021-04-01,P004,7248
2021-04-01,P005,1858
2021-04-01,P006,1625
2021-04-01,P007,2031
2021-04-01,P008,1725
2021-04-01,P009,1609
2021-04-01,P010,2792
2021-04-01,P011,5781
2021-04-01,P012,1699
2021-04-01,P013,8816
2021-04-01,P014,3156
2021-04-01,P015,3025
2021-04-01,P016,2833
2021-04-01,P017,5106
2021-04-01,P018,1784
2021-04-01,P019,3697
2021-04-01,P020,4558
2021-04-01,P021,3227
2021-04-01,P022,2519
2021-04-01,P023,910
2021-04-01,P024,1944
2021-04-01,P025,1148
2021-04-01,P026,2473
2021-04-01,P027,6518
2021-04-01,P028,3648
2021-04-01,P029,5475
2021-04-01,P030,8000
2021-04-01,P031,2332
2021-04-01,P032,3755
2021-04-01,P033,5237
2021-04-01,P034,1303
2021-04-01,P035,4965
2021-04-01,P036,4688
2021-04-01,P037,1405
2021-04-01,P038,1221
2021-04-01,P039,2131
2021-04-01,P040,8382
2021-05-01,P001,2604
2021-05-01,P002,7920
2021-05-01,P003,957
2021-05-01,P004,7867
2021-05-01,P005,1576
2021-05-01,P006,1553
2021-05-01,P007,1873
2021-05-01,P008,1814
2021-05-01,P009,3019
2021-05-01,P010,2260
2021-05-01,P011,5804
2021-05-01,P012,1838
2021-05-01,P013,9419
2021-05-01,P014,2178
2021-05-01,P015,1847
2021-05-01,P016,2694
2021-05-01,P017,3120
2021-05-01,P018,1499
2021-05-01,P019,3539
2021-05-01,P020,4379
2021-05-01,P021,2487
2021-05-01,P022,2603
2021-05-01,P023,827
2021-05-01,P024,1344
2021-05-01,P025,1056
2021-05-01,P026,1447
2021-05-01,P027,3800
2021-05-01,P028,2166
2021-05-01,P029,5215
2021-05-01,P030,8741
2021-05-01,P031,2191
2021-05-01,P032,5644
2021-05-01,P033,2743
2021-05-01,P034,5791
2021-05-01,P035,7083
2021-05-01,P036,5231
2021-05-01,P037,1264
2021-05-01,P038,3108
2021-05-01,P039,2022
2021-05-01,P040,7448
2021-06-01,P001,2738
2021-06-01,P002,11570
2021-06-01,P003,989
2021-06-01,P004,8005
2021-06-01,P005,1585
2021-06-01,P006,1251
2021-06-01,P007,1739
2021-06-01,P008,1324
2021-06-01,P009,2354
2021-06-01,P010,5159
2021-06-01,P011,11323
2021-06-01,P012,1207
2021-06-01,P013,9563
2021-06-01,P014,2183
2021-06-01,P015,1995
2021-06-01,P016,3111
2021-06-01,P017,3989
2021-06-01,P018,1213
2021-06-01,P019,2296
2021-06-01,P020,5171
2021-06-01,P021,2354
2021-06-01,P022,1292
2021-06-01,P023,976
2021-06-01,P024,1494
2021-06-01,P025,839
2021-06-01,P026,1553
2021-06-01,P027,6404
2021-06-01,P028,2465
2021-06-01,P029,5406
2021-06-01,P030,5217
2021-06-01,P031,2156
2021-06-01,P032,2554
2021-06-01,P033,5886
2021-06-01,P034,2640
2021-06-01,P035,4978
2021-06-01,P036,4913
2021-06-01,P037,1659
2021-06-01,P038,1908
2021-06-01,P039,1500
2021-06-01,P040,6441
2021-07-01,P001,2300
2021-07-01,P002,9062
2021-07-01,P003,637
2021-07-01,P004,8865
2021-07-01,P005,1892
2021-07-01,P006,919
2021-07-01,P007,1180
2021-07-01,P008,1109
2021-07-01,P009,1656
2021-07-01,P010,2647
2021-07-01,P011,6412
2021-07-01,P012,804
2021-07-01,P013,5047
2021-07-01,P014,1676
2021-07-01,P015,1766
2021-07-01,P016,2106
2021-07-01,P017,3749
2021-07-01,P018,1415
2021-07-01,P019,2749
2021-07-01,P020,3876
2021-07-01,P021,1758
2021-07-01,P022,2058
2021-07-01,P023,646
2021-07-01,P024,1984
2021-07-01,P025,938
2021-07-01,P026,1374
2021-07-01,P027,7131
2021-07-01,P028,2169
2021-07-01,P029,5028
2021-07-01,P030,6426
2021-07-01,P031,1892
2021-07-01,P032,3429
2021-07-01,P033,3613
2021-07-01,P034,4155
2021-07-01,P035,4516
2021-07-01,P036,6297
2021-07-01,P037,1094
2021-07-01,P038,2050
2021-07-01,P039,2342
2021-07-01,P040,8055
2021-08-01,P001,1982
2021-08-01,P002,12067
2021-08-01,P003,526
2021-08-01,P004,5975
2021-08-01,P005,1083
2021-08-01,P006,1038
2021-08-01,P007,1726
2021-08-01,P008,965
2021-08-01,P009,2231
2021-08-01,P010,1932
2021-08-01,P011,8665
2021-08-01,P012,1317
2021-08-01,P013,6880
2021-08-01,P014,1842
2021-08-01,P015,2474
2021-08-01,P016,1936
2021-08-01,P017,4748
2021-08-01,P018,1385
2021-08-01,P019,3482
2021-08-01,P020,2756
2021-08-01,P021,1860
2021-08-01,P022,2294
2021-08-01,P023,849
2021-08-01,P024,1212
2021-08-01,P025,753
2021-08-01,P026,1543
2021-08-01,P027,5425
2021-08-01,P028,2779
2021-08-01,P029,2673
2021-08-01,P030,6548
2021-08-01,P031,1208
2021-08-01,P032,3766
2021-08-01,P033,1172
2021-08-01,P034,2342
2021-08-01,P035,3782
2021-08-01,P036,5276
2021-08-01,P037,1427
2021-08-01,P038,1816
2021-08-01,P039,2917
2021-08-01,P040,5050
2021-09-01,P001,2146
2021-09-01,P002,5049
2021-09-01,P003,684
2021-09-01,P004,10003
2021-09-01,P005,1280
2021-09-01,P006,780
2021-09-01,P007,1211
2021-09-01,P008,1333
2021-09-01,P009,1575
2021-09-01,P010,1739
2021-09-01,P011,4006
2021-09-01,P012,1330
2021-09-01,P013,7597
2021-09-01,P014,1776
2021-09-01,P015,1840
2021-09-01,P016,2921
2021-09-01,P017,4207
2021-09-01,P018,1048
2021-09-01,P019,2041
2021-09-01,P020,4280
2021-09-01,P021,1555
2021-09-01,P022,1130
2021-09-01,P023,720
2021-09-01,P024,1052
2021-09-01,P025,695
2021-09-01,P026,880
2021-09-01,P027,6025
2021-09-01,P028,2420
2021-09-01,P029,5186
2021-09-01,P030,4159
2021-09-01,P031,1560
2021-09-01,P032,3570
2021-09-01,P033,4185
2021-09-01,P034,3020
2021-09-01,P035,4687
2021-09-01,P036,3773
2021-09-01,P037,1446
2021-09-01,P038,1927
2021-09-01,P039,1761
2021-09-01,P040,5490
2021-10-01,P001,1782
2021-10-01,P002,6730
2021-10-01,P003,711
2021-10-01,P004,5165
2021-10-01,P005,931
2021-10-01,P006,872
2021-10-01,P007,1995
2021-10-01,P008,986
2021-10-01,P009,2098
2021-10-01,P010,2159
2021-10-01,P011,5939
2021-10-01,P012,1345
2021-10-01,P013,5993
2021-10-01,P014,1355
2021-10-01,P015,2214
2021-10-01,P016,1984
2021-10-01,P017,2144
2021-10-01,P018,1471
2021-10-01,P019,2145
2021-10-01,P020,2717
2021-10-01,P021,2096
2021-10-01,P022,1642
2021-10-01,P023,960
2021-10-01,P024,1940
2021-10-01,P025,656
2021-10-01,P026,1582
2021-10-01,P027,4600
2021-10-01,P028,1621
2021-10-01,P029,3729
2021-10-01,P030,3804
2021-10-01,P031,1875
2021-10-01,P032,2829
2021-10-01,P033,5946
2021-10-01,P034,3566
2021-10-01,P035,2764
2021-10-01,P036,2230
2021-10-01,P037,1654
2021-10-01,P038,1655
2021-10-01,P039,1712
2021-10-01,P040,6237
2021-11-01,P001,1683
2021-11-01,P002,5772
2021-11-01,P003,809
2021-11-01,P004,4490
2021-11-01,P005,1675
2021-11-01,P006,1177
2021-11-01,P007,1384
2021-11-01,P008,861
2021-11-01,P009,1247
2021-11-01,P010,2311
2021-11-01,P011,8496
2021-11-01,P012,1342
2021-11-01,P013,5895
2021-11-01,P014,1389
2021-11-01,P015,1630
2021-11-01,P016,1645
2021-11-01,P017,4402
2021-11-01,P018,1230
2021-11-01,P019,3649
2021-11-01,P020,3391
2021-11-01,P021,1737
2021-11-01,P022,2018
2021-11-01,P023,784
2021-11-01,P024,1454
2021-11-01,P025,941
2021-11-01,P026,1297
2021-11-01,P027,5584
2021-11-01,P028,2046
2021-11-01,P029,3385
2021-11-01,P030,4097
2021-11-01,P031,1591
2021-11-01,P032,3406
2021-11-01,P033,4358
2021-11-01,P034,2161
2021-11-01,P035,3149
2021-11-01,P036,3846
2021-11-01,P037,539
2021-11-01,P038,1482
2021-11-01,P039,2115
2021-11-01,P040,7362
2021-12-01,P001,2209
2021-12-01,P002,6264
2021-12-01,P003,754
2021-12-01,P004,6935
2021-12-01,P005,1197
2021-12-01,P006,1157
2021-12-01,P007,1431
2021-12-01,P008,1271
2021-12-01,P009,1689
2021-12-01,P010,1451
2021-12-01,P011,3921
2021-12-01,P012,1691
2021-12-01,P013,6213
2021-12-01,P014,1367
2021-12-01,P015,2216
2021-12-01,P016,2485
2021-12-01,P017,3518
2021-12-01,P018,1399
2021-12-01,P019,3381
2021-12-01,P020,6314
2021-12-01,P021,1878
2021-12-01,P022,2570
2021-12-01,P023,989
2021-12-01,P024,2025
2021-12-01,P025,904
2021-12-01,P026,1957
2021-12-01,P027,5579
2021-12-01,P028,2076
2021-12-01,P029,4043
2021-12-01,P030,4680
2021-12-01,P031,1543
2021-12-01,P032,2702
2021-12-01,P033,4155
2021-12-01,P034,2946
2021-12-01,P035,5298
2021-12-01,P036,2554
2021-12-01,P037,1694
2021-12-01,P038,2282
2021-12-01,P039,1852
2021-12-01,P040,6413
2022-01-01,P001,2115
2022-01-01,P002,10006
2022-01-01,P003,840
2022-01-01,P004,7361
2022-01-01,P005,1205
2022-01-01,P006,933
2022-01-01,P007,1387
2022-01-01,P008,1528
2022-01-01,P009,2462
2022-01-01,P010,3093
2022-01-01,P011,6885
2022-01-01,P012,1794
2022-01-01,P013,3443
2022-01-01,P014,1719
2022-01-01,P015,2147
2022-01-01,P016,1800
2022-01-01,P017,4324
2022-01-01,P018,1235
2022-01-01,P019,4569
2022-01-01,P020,5756
2022-01-01,P021,2100
2022-01-01,P022,2029
2022-01-01,P023,841
2022-01-01,P024,2157
2022-01-01,P025,495
2022-01-01,P026,937
2022-01-01,P027,4743
2022-01-01,P028,2831
2022-01-01,P029,4686
2022-01-01,P030,7478
2022-01-01,P031,1859
2022-01-01,P032,3396
2022-01-01,P033,6120
2022-01-01,P034,2364
2022-01-01,P035,6831
2022-01-01,P036,4313
2022-01-01,P037,1397
2022-01-01,P038,2939
2022-01-01,P039,1870
2022-01-01,P040,5961
2022-02-01,P001,2525
2022-02-01,P002,3542
2022-02-01,P003,728
2022-02-01,P004,4860
2022-02-01,P005,1698
2022-02-01,P006,917
2022-02-01,P007,1346
2022-02-01,P008,1438
2022-02-01,P009,1894
2022-02-01,P010,3260
2022-02-01,P011,9758
2022-02-01,P012,968
2022-02-01,P013,5885
2022-02-01,P014,1958
2022-02-01,P015,1339
2022-02-01,P016,2346
2022-02-01,P017,2391
2022-02-01,P018,1057
2022-02-01,P019,2911
2022-02-01,P020,4409
2022-02-01,P021,1580
2022-02-01,P022,2301
2022-02-01,P023,1013
2022-02-01,P024,1104
2022-02-01,P025,575
2022-02-01,P026,1330
2022-02-01,P027,6544
2022-02-01,P028,3714
2022-02-01,P029,3914
2022-02-01,P030,5688
2022-02-01,P031,2306
2022-02-01,P032,3618
2022-02-01,P033,4931
2022-02-01,P034,4953
2022-02-01,P035,5052
2022-02-01,P036,1675
2022-02-01,P037,2086
2022-02-01,P038,3558
2022-02-01,P039,2428
2022-02-01,P040,5415
2022-03-01,P001,2073
2022-03-01,P002,9141
2022-03-01,P003,622
2022-03-01,P004,5835
2022-03-01,P005,1344
2022-03-01,P006,1261
2022-03-01,P007,2314
2022-03-01,P008,1364
2022-03-01,P009,2080
2022-03-01,P010,2337
2022-03-01,P011,6210
2022-03-01,P012,2269
2022-03-01,P013,8702
2022-03-01,P014,2137
2022-03-01,P015,2255
2022-03-01,P016,2299
2022-03-01,P017,3810
2022-03-01,P018,977
2022-03-01,P019,2751
2022-03-01,P020,2437
2022-03-01,P021,1543
2022-03-01,P022,1622
2022-03-01,P023,1210
2022-03-01,P024,1053
2022-03-01,P025,747
2022-03-01,P026,2304
2022-03-01,P027,6941
2022-03-01,P028,2711
2022-03-01,P029,4606
2022-03-01,P030,7849
2022-03-01,P031,2151
2022-03-01,P032,3701
2022-03-01,P033,6817
2022-03-01,P034,3573
2022-03-01,P035,3946
2022-03-01,P036,2595
2022-03-01,P037,1474
2022-03-01,P038,2785
2022-03-01,P039,1851
2022-03-01,P040,7034
2022-04-01,P001,2884
2022-04-01,P002,11457
2022-04-01,P003,1143
2022-04-01,P004,11001
2022-04-01,P005,1601
2022-04-01,P006,1918
2022-04-01,P007,1616
2022-04-01,P008,1746
2022-04-01,P009,2423
2022-04-01,P010,2509
2022-04-01,P011,5991
2022-04-01,P012,1779
2022-04-01,P013,6225
2022-04-01,P014,2491
2022-04-01,P015,3562
2022-04-01,P016,2837
2022-04-01,P017,4725
2022-04-01,P018,1532
2022-04-01,P019,3442
2022-04-01,P020,5120
2022-04-01,P021,2441
2022-04-01,P022,3391
2022-04-01,P023,838
2022-04-01,P024,2471
2022-04-01,P025,714
2022-04-01,P026,1786
2022-04-01,P027,5401
2022-04-01,P028,2993
2022-04-01,P029,4901
2022-04-01,P030,6775
2022-04-01,P031,2354
2022-04-01,P032,4770
2022-04-01,P033,5715
2022-04-01,P034,8320
2022-04-01,P035,6483
2022-04-01,P036,3318
2022-04-01,P037,1364
2022-04-01,P038,2814
2022-04-01,P039,2200
2022-04-01,P040,5816
2022-05-01,P001,3423
2022-05-01,P002,7582
2022-05-01,P003,950
2022-05-01,P004,10393
2022-05-01,P005,1104
2022-05-01,P006,1131
2022-05-01,P007,1455
2022-05-01,P008,1394
2022-05-01,P009,2443
2022-05-01,P010,2329
2022-05-01,P011,10338
2022-05-01,P012,2720
2022-05-01,P013,8092
2022-05-01,P014,2149
2022-05-01,P015,2023
2022-05-01,P016,2202
2022-05-01,P017,2708
2022-05-01,P018,1679
2022-05-01,P019,3562
2022-05-01,P020,3837
2022-05-01,P021,1307
2022-05-01,P022,1857
2022-05-01,P023,772
2022-05-01,P024,1826
2022-05-01,P025,584
2022-05-01,P026,1619
2022-05-01,P027,6830
2022-05-01,P028,3491
2022-05-01,P029,2606
2022-05-01,P030,6647
2022-05-01,P031,2472
2022-05-01,P032,2419
2022-05-01,P033,4926
2022-05-01,P034,2867
2022-05-01,P035,5003
2022-05-01,P036,3803
2022-05-01,P037,2321
2022-05-01,P038,2767
2022-05-01,P039,2628
2022-05-01,P040,7511
2022-06-01,P001,2386
2022-06-01,P002,5451
2022-06-01,P003,881
2022-06-01,P004,7083
2022-06-01,P005,1321
2022-06-01,P006,1452
2022-06-01,P007,1158
2022-06-01,P008,1456
2022-06-01,P009,3202
2022-06-01,P010,2605
2022-06-01,P011,7103
2022-06-01,P012,1597
2022-06-01,P013,8941
2022-06-01,P014,1829
2022-06-01,P015,1517
2022-06-01,P016,2149
2022-06-01,P017,3794
2022-06-01,P018,2009
2022-06-01,P019,2469
2022-06-01,P020,5699
2022-06-01,P021,2690
2022-06-01,P022,4210
2022-06-01,P023,1002
2022-06-01,P024,1706
2022-06-01,P025,1224
2022-06-01,P026,1957
2022-06-01,P027,4738
2022-06-01,P028,2072
2022-06-01,P029,6014
2022-06-01,P030,8012
2022-06-01,P031,1999
2022-06-01,P032,1902
2022-06-01,P033,4926
2022-06-01,P034,3812
2022-06-01,P035,5882
2022-06-01,P036,4383
2022-06-01,P037,1650
2022-06-01,P038,2650
2022-06-01,P039,1869
2022-06-01,P040,6776
2022-07-01,P001,1860
2022-07-01,P002,7357
2022-07-01,P003,941
2022-07-01,P004,4645
2022-07-01,P005,1963
2022-07-01,P006,972
2022-07-01,P007,2299
2022-07-01,P008,957
2022-07-01,P009,2034
2022-07-01,P010,1496
2022-07-01,P011,10016
2022-07-01,P012,1983
2022-07-01,P013,4994
2022-07-01,P014,1470
2022-07-01,P015,2756
2022-07-01,P016,2693
2022-07-01,P017,2508
2022-07-01,P018,1380
2022-07-01,P019,2269
2022-07-01,P020,4942
2022-07-01,P021,2125
2022-07-01,P022,2390
2022-07-01,P023,1163
2022-07-01,P024,2070
2022-07-01,P025,616
2022-07-01,P026,1302
2022-07-01,P027,4307
2022-07-01,P028,2333
2022-07-01,P029,4469
2022-07-01,P030,9340
2022-07-01,P031,1520
2022-07-01,P032,5033
2022-07-01,P033,4155
2022-07-01,P034,3017
2022-07-01,P035,4803
2022-07-01,P036,4406
2022-07-01,P037,1172
2022-07-01,P038,2101
2022-07-01,P039,2493
2022-07-01,P040,8244
2022-08-01,P001,1976
2022-08-01,P002,9279
2022-08-01,P003,480
2022-08-01,P004,7498
2022-08-01,P005,1530
2022-08-01,P006,1134
2022-08-01,P007,1791
2022-08-01,P008,1090
2022-08-01,P009,2260
2022-08-01,P010,2492
2022-08-01,P011,6971
2022-08-01,P012,1558
2022-08-01,P013,6900
2022-08-01,P014,1774
2022-08-01,P015,2932
2022-08-01,P016,1396
2022-08-01,P017,4112
2022-08-01,P018,1778
2022-08-01,P019,2230
2022-08-01,P020,7360
2022-08-01,P021,2656
2022-08-01,P022,2424
2022-08-01,P023,776
2022-08-01,P024,1280
2022-08-01,P025,1064
2022-08-01,P026,1157
2022-08-01,P027,6176
2022-08-01,P028,3187
2022-08-01,P029,3189
2022-08-01,P030,6646
2022-08-01,P031,1972
2022-08-01,P032,2918
2022-08-01,P033,4768
2022-08-01,P034,4188
2022-08-01,P035,3368
2022-08-01,P036,2826
2022-08-01,P037,929
2022-08-01,P038,2490
2022-08-01,P039,1755
2022-08-01,P040,5856
2022-09-01,P001,967
2022-09-01,P002,5516
2022-09-01,P003,798
2022-09-01,P004,4902
2022-09-01,P005,1243
2022-09-01,P006,702
2022-09-01,P007,1237
2022-09-01,P008,1055
2022-09-01,P009,2120
2022-09-01,P010,2570
2022-09-01,P011,6592
2022-09-01,P012,1153
2022-09-01,P013,5061
2022-09-01,P014,1595
2022-09-01,P015,2054
2022-09-01,P016,2478
2022-09-01,P017,3288
2022-09-01,P018,2318
2022-09-01,P019,1508
2022-09-01,P020,4955
2022-09-01,P021,2097
2022-09-01,P022,2416
2022-09-01,P023,878
2022-09-01,P024,1781
2022-09-01,P025,873
2022-09-01,P026,1371
2022-09-01,P027,5399
2022-09-01,P028,2916
2022-09-01,P029,3736
2022-09-01,P030,4386
2022-09-01,P031,1231
2022-09-01,P032,3038
2022-09-01,P033,2876
2022-09-01,P034,3064
2022-09-01,P035,5923
2022-09-01,P036,3072
2022-09-01,P037,452
2022-09-01,P038,2295
2022-09-01,P039,1458
2022-09-01,P040,7882
2022-10-01,P001,1559
2022-10-01,P002,5785
2022-10-01,P003,978
2022-10-01,P004,6595
2022-10-01,P005,1582
2022-10-01,P006,945
2022-10-01,P007,1620
2022-10-01,P008,1050
2022-10-01,P009,1883
2022-10-01,P010,1907
2022-10-01,P011,4346
2022-10-01,P012,1175
2022-10-01,P013,5501
2022-10-01,P014,1546
2022-10-01,P015,1731
2022-10-01,P016,2231
2022-10-01,P017,2494
2022-10-01,P018,1083
2022-10-01,P019,1943
2022-10-01,P020,4779
2022-10-01,P021,1769
2022-10-01,P022,1854
2022-10-01,P023,581
2022-10-01,P024,1441
2022-10-01,P025,698
2022-10-01,P026,1219
2022-10-01,P027,5017
2022-10-01,P028,2077
2022-10-01,P029,4775
2022-10-01,P030,3701
2022-10-01,P031,1541
2022-10-01,P032,3226
2022-10-01,P033,3983
2022-10-01,P034,3323
2022-10-01,P035,4076
2022-10-01,P036,3094
2022-10-01,P037,546
2022-10-01,P038,1419
2022-10-01,P039,1824
2022-10-01,P040,4768
2022-11-01,P001,2395
2022-11-01,P002,4907
2022-11-01,P003,485
2022-11-01,P004,5874
2022-11-01,P005,820
2022-11-01,P006,968
2022-11-01,P007,1320
2022-11-01,P008,725
2022-11-01,P009,2552
2022-11-01,P010,2649
2022-11-01,P011,5761
2022-11-01,P012,740
2022-11-01,P013,5682
2022-11-01,P014,2005
2022-11-01,P015,1992
2022-11-01,P016,2826
2022-11-01,P017,2462
2022-11-01,P018,2128
2022-11-01,P019,2299
2022-11-01,P020,5030
2022-11-01,P021,721
2022-11-01,P022,1340
2022-11-01,P023,938
2022-11-01,P024,1723
2022-11-01,P025,1140
2022-11-01,P026,1323
2022-11-01,P027,4156
2022-11-01,P028,2015
2022-11-01,P029,4066
2022-11-01,P030,3689
2022-11-01,P031,2035
2022-11-01,P032,2562
2022-11-01,P033,5358
2022-11-01,P034,2590
2022-11-01,P035,2714
2022-11-01,P036,3297
2022-11-01,P037,1314
2022-11-01,P038,1345
2022-11-01,P039,1690
2022-11-01,P040,5144
2022-12-01,P001,2478
2022-12-01,P002,7361
2022-12-01,P003,550
2022-12-01,P004,5533
2022-12-01,P005,1506
2022-12-01,P006,772
2022-12-01,P007,1386
2022-12-01,P008,1088
2022-12-01,P009,1467
2022-12-01,P010,1547
2022-12-01,P011,6779
2022-12-01,P012,2030
2022-12-01,P013,4578
2022-12-01,P014,2091
2022-12-01,P015,1903
2022-12-01,P016,1604
2022-12-01,P017,3604
2022-12-01,P018,891
2022-12-01,P019,1953
2022-12-01,P020,3520
2022-12-01,P021,2217
2022-12-01,P022,1218
2022-12-01,P023,940
2022-12-01,P024,2460
2022-12-01,P025,1038
2022-12-01,P026,837
2022-12-01,P027,3656
2022-12-01,P028,1771
2022-12-01,P029,3105
2022-12-01,P030,3177
2022-12-01,P031,2047
2022-12-01,P032,2448
2022-12-01,P033,4181
2022-12-01,P034,1697
2022-12-01,P035,2298
2022-12-01,P036,3633
2022-12-01,P037,1397
2022-12-01,P038,2224
2022-12-01,P039,1839
2022-12-01,P040,5307
2023-01-01,P001,2602
2023-01-01,P002,7724
2023-01-01,P003,509
2023-01-01,P004,4836
2023-01-01,P005,1372
2023-01-01,P006,1291
2023-01-01,P007,1324
2023-01-01,P008,1117
2023-01-01,P009,2752
2023-01-01,P010,2427
2023-01-01,P011,10086
2023-01-01,P012,1197
2023-01-01,P013,6645
2023-01-01,P014,2155
2023-01-01,P015,1832
2023-01-01,P016,2484
2023-01-01,P017,4008
2023-01-01,P018,1349
2023-01-01,P019,4141
2023-01-01,P020,4811
2023-01-01,P021,1255
2023-01-01,P022,2607
2023-01-01,P023,846
2023-01-01,P024,2067
2023-01-01,P025,1067
2023-01-01,P026,988
2023-01-01,P027,6889
2023-01-01,P028,3939
2023-01-01,P029,4725
2023-01-01,P030,4994
2023-01-01,P031,2559
2023-01-01,P032,1598
2023-01-01,P033,6051
2023-01-01,P034,2389
2023-01-01,P035,4558
2023-01-01,P036,4612
2023-01-01,P037,1228
2023-01-01,P038,3170
2023-01-01,P039,2649
2023-01-01,P040,3935
2023-02-01,P001,2706
2023-02-01,P002,8178
2023-02-01,P003,759
2023-02-01,P004,4742
2023-02-01,P005,1821
2023-02-01,P006,701
2023-02-01,P007,1177
2023-02-01,P008,1204
2023-02-01,P009,1733
2023-02-01,P010,2118
2023-02-01,P011,7448
2023-02-01,P012,1308
2023-02-01,P013,6927
2023-02-01,P014,1949
2023-02-01,P015,2862
2023-02-01,P016,2220
2023-02-01,P017,3401
2023-02-01,P018,1670
2023-02-01,P019,2290
2023-02-01,P020,5839
2023-02-01,P021,2038
2023-02-01,P022,2594
2023-02-01,P023,834
2023-02-01,P024,2177
2023-02-01,P025,750
2023-02-01,P026,1325
2023-02-01,P027,6837
2023-02-01,P028,4139
2023-02-01,P029,5542
2023-02-01,P030,7483
2023-02-01,P031,2210
2023-02-01,P032,2516
2023-02-01,P033,4952
2023-02-01,P034,4700
2023-02-01,P035,3786
2023-02-01,P036,5666
2023-02-01,P037,1490
2023-02-01,P038,2157
2023-02-01,P039,1820
2023-02-01,P040,8817
2023-03-01,P001,1956
2023-03-01,P002,7262
2023-03-01,P003,753
2023-03-01,P004,5907
2023-03-01,P005,1529
2023-03-01,P006,1012
2023-03-01,P007,2414
2023-03-01,P008,1452
2023-03-01,P009,2857
2023-03-01,P010,2434
2023-03-01,P011,10652
2023-03-01,P012,1841
2023-03-01,P013,9382
2023-03-01,P014,2360
2023-03-01,P015,2122
2023-03-01,P016,2437
2023-03-01,P017,3784
2023-03-01,P018,1437
2023-03-01,P019,3681
2023-03-01,P020,4621
2023-03-01,P021,4638
2023-03-01,P022,1473
2023-03-01,P023,1147
2023-03-01,P024,1552
2023-03-01,P025,608
2023-03-01,P026,1687
2023-03-01,P027,2981
2023-03-01,P028,4125
2023-03-01,P029,6691
2023-03-01,P030,6367
2023-03-01,P031,2753
2023-03-01,P032,5572
2023-03-01,P033,6019
2023-03-01,P034,3934
2023-03-01,P035,2761
2023-03-01,P036,5832
2023-03-01,P037,1373
2023-03-01,P038,2091
2023-03-01,P039,2287
2023-03-01,P040,5754
2023-04-01,P001,2447
2023-04-01,P002,8119
2023-04-01,P003,677
2023-04-01,P004,9669
2023-04-01,P005,1637
2023-04-01,P006,1122
2023-04-01,P007,2375
2023-04-01,P008,1661
2023-04-01,P009,2259
2023-04-01,P010,1983
2023-04-01,P011,7454
2023-04-01,P012,1982
2023-04-01,P013,8559
2023-04-01,P014,2027
2023-04-01,P015,2867
2023-04-01,P016,3192
2023-04-01,P017,2738
2023-04-01,P018,1966
2023-04-01,P019,4097
2023-04-01,P020,3673
2023-04-01,P021,2504
2023-04-01,P022,2066
2023-04-01,P023,1100
2023-04-01,P024,1921
2023-04-01,P025,1087
2023-04-01,P026,1047
2023-04-01,P027,4635
2023-04-01,P028,3726
2023-04-01,P029,4803
2023-04-01,P030,7664
2023-04-01,P031,2391
2023-04-01,P032,4434
2023-04-01,P033,6666
2023-04-01,P034,3775
2023-04-01,P035,4438
2023-04-01,P036,5492
2023-04-01,P037,1243
2023-04-01,P038,2941
2023-04-01,P039,2239
2023-04-01,P040,10666
2023-05-01,P001,3132
2023-05-01,P002,5618
2023-05-01,P003,811
2023-05-01,P004,5757
2023-05-01,P005,1164
2023-05-01,P006,934
2023-05-01,P007,1819
2023-05-01,P008,981
2023-05-01,P009,2654
2023-05-01,P010,2280
2023-05-01,P011,9624
2023-05-01,P012,1782
2023-05-01,P013,12414
2023-05-01,P014,2506
2023-05-01,P015,2384
2023-05-01,P016,1235
2023-05-01,P017,5533
2023-05-01,P018,2762
2023-05-01,P019,3851
2023-05-01,P020,3436
2023-05-01,P021,2590
2023-05-01,P022,2065
2023-05-01,P023,1246
2023-05-01,P024,3307
2023-05-01,P025,861
2023-05-01,P026,1183
2023-05-01,P027,5070
2023-05-01,P028,3407
2023-05-01,P029,5632
2023-05-01,P030,11067
2023-05-01,P031,1836
2023-05-01,P032,4287
2023-05-01,P033,5613
2023-05-01,P034,3239
2023-05-01,P035,5372
2023-05-01,P036,4771
2023-05-01,P037,1614
2023-05-01,P038,1462
2023-05-01,P039,2012
2023-05-01,P040,6773
2023-06-01,P001,2252
2023-06-01,P002,9461
2023-06-01,P003,920
2023-06-01,P004,6028
2023-06-01,P005,2462
2023-06-01,P006,1171
2023-06-01,P007,1774
2023-06-01,P008,1670
2023-06-01,P009,1132
2023-06-01,P010,2611
2023-06-01,P011,7390
2023-06-01,P012,1765
2023-06-01,P013,9555
2023-06-01,P014,1489
2023-06-01,P015,1409
2023-06-01,P016,3323
2023-06-01,P017,4074
2023-06-01,P018,1692
2023-06-01,P019,2979
2023-06-01,P020,6989
2023-06-01,P021,2619
2023-06-01,P022,2421
2023-06-01,P023,782
2023-06-01,P024,888
2023-06-01,P025,907
2023-06-01,P026,1952
2023-06-01,P027,5999
2023-06-01,P028,3046
2023-06-01,P029,4827
2023-06-01,P030,7954
2023-06-01,P031,2864
2023-06-01,P032,4143
2023-06-01,P033,4477
2023-06-01,P034,4891
2023-06-01,P035,3204
2023-06-01,P036,2489
2023-06-01,P037,1434
2023-06-01,P038,3397
2023-06-01,P039,2023
2023-06-01,P040,6869
2023-07-01,P001,2197
2023-07-01,P002,9037
2023-07-01,P003,574
2023-07-01,P004,7569
2023-07-01,P005,1480
2023-07-01,P006,1386
2023-07-01,P007,1273
2023-07-01,P008,1190
2023-07-01,P009,1600
2023-07-01,P010,2716
2023-07-01,P011,5192
2023-07-01,P012,1702
2023-07-01,P013,8664
2023-07-01,P014,2023
2023-07-01,P015,2275
2023-07-01,P016,2266
2023-07-01,P017,4575
2023-07-01,P018,1963
2023-07-01,P019,3526
2023-07-01,P020,4492
2023-07-01,P021,2322
2023-07-01,P022,1786
2023-07-01,P023,607
2023-07-01,P024,1761
2023-07-01,P025,550
2023-07-01,P026,2263
2023-07-01,P027,5515
2023-07-01,P028,2965
2023-07-01,P029,4192
2023-07-01,P030,7856
2023-07-01,P031,2132
2023-07-01,P032,3502
2023-07-01,P033,5162
2023-07-01,P034,5284
2023-07-01,P035,4652
2023-07-01,P036,3607
2023-07-01,P037,727
2023-07-01,P038,1691
2023-07-01,P039,1356
2023-07-01,P040,7682
2023-08-01,P001,2396
2023-08-01,P002,10111
2023-08-01,P003,541
2023-08-01,P004,6049
2023-08-01,P005,1654
2023-08-01,P006,1237
2023-08-01,P007,1841
2023-08-01,P008,1039
2023-08-01,P009,1821
2023-08-01,P010,1536
2023-08-01,P011,6521
2023-08-01,P012,1131
2023-08-01,P013,7076
2023-08-01,P014,2072
2023-08-01,P015,1645
2023-08-01,P016,1565
2023-08-01,P017,1907
2023-08-01,P018,1637
2023-08-01,P019,1563
2023-08-01,P020,3033
2023-08-01,P021,2684
2023-08-01,P022,1789
2023-08-01,P023,662
2023-08-01,P024,1715
2023-08-01,P025,713
2023-08-01,P026,1560
2023-08-01,P027,4249
2023-08-01,P028,1987
2023-08-01,P029,3131
2023-08-01,P030,5601
2023-08-01,P031,1952
2023-08-01,P032,3661
2023-08-01,P033,5685
2023-08-01,P034,3002
2023-08-01,P035,5490
2023-08-01,P036,4483
2023-08-01,P037,572
2023-08-01,P038,1489
2023-08-01,P039,995
2023-08-01,P040,4877
2023-09-01,P001,2647
2023-09-01,P002,6258
2023-09-01,P003,429
2023-09-01,P004,4716
2023-09-01,P005,2222
2023-09-01,P006,840
2023-09-01,P007,1590
2023-09-01,P008,1090
2023-09-01,P009,1508
2023-09-01,P010,1724
2023-09-01,P011,6053
2023-09-01,P012,1728
2023-09-01,P013,5298
2023-09-01,P014,1351
2023-09-01,P015,1725
2023-09-01,P016,1837
2023-09-01,P017,4149
2023-09-01,P018,1243
2023-09-01,P019,3905
2023-09-01,P020,3478
2023-09-01,P021,1496
2023-09-01,P022,1560
2023-09-01,P023,590
2023-09-01,P024,1172
2023-09-01,P025,1040
2023-09-01,P026,641
2023-09-01,P027,2563
2023-09-01,P028,2524
2023-09-01,P029,2683
2023-09-01,P030,4650
2023-09-01,P031,1357
2023-09-01,P032,1648
2023-09-01,P033,6618
2023-09-01,P034,2616
2023-09-01,P035,3767
2023-09-01,P036,3423
2023-09-01,P037,924
2023-09-01,P038,2216
2023-09-01,P039,1606
2023-09-01,P040,7300
2023-10-01,P001,1348
2023-10-01,P002,4776
2023-10-01,P003,643
2023-10-01,P004,7504
2023-10-01,P005,1009
2023-10-01,P006,929
2023-10-01,P007,1551
2023-10-01,P008,1139
2023-10-01,P009,2195
2023-10-01,P010,1846
2023-10-01,P011,5801
2023-10-01,P012,1298
2023-10-01,P013,8304
2023-10-01,P014,1625
2023-10-01,P015,1754
2023-10-01,P016,1757
2023-10-01,P017,4995
2023-10-01,P018,1011
2023-10-01,P019,3478
2023-10-01,P020,2404
2023-10-01,P021,1860
2023-10-01,P022,2078
2023-10-01,P023,682
2023-10-01,P024,1876
2023-10-01,P025,676
2023-10-01,P026,1370
2023-10-01,P027,3731
2023-10-01,P028,1872
2023-10-01,P029,4082
2023-10-01,P030,7690
2023-10-01,P031,1479
2023-10-01,P032,2900
2023-10-01,P033,3059
2023-10-01,P034,3371
2023-10-01,P035,5744
2023-10-01,P036,3305
2023-10-01,P037,1766
2023-10-01,P038,2132
2023-10-01,P039,1846
2023-10-01,P040,6577
2023-11-01,P001,2028
2023-11-01,P002,5304
2023-11-01,P003,1173
2023-11-01,P004,6238
2023-11-01,P005,1453
2023-11-01,P006,670
2023-11-01,P007,1708
2023-11-01,P008,995
2023-11-01,P009,2272
2023-11-01,P010,2086
2023-11-01,P011,5264
2023-11-01,P012,1797
2023-11-01,P013,6680
2023-11-01,P014,1655
2023-11-01,P015,2830
2023-11-01,P016,2656
2023-11-01,P017,3375
2023-11-01,P018,2103
2023-11-01,P019,3219
2023-11-01,P020,3859
2023-11-01,P021,2016
2023-11-01,P022,2143
2023-11-01,P023,982
2023-11-01,P024,1830
2023-11-01,P025,570
2023-11-01,P026,2076
2023-11-01,P027,3608
2023-11-01,P028,2362
2023-11-01,P029,2522
2023-11-01,P030,8560
2023-11-01,P031,1177
2023-11-01,P032,2422
2023-11-01,P033,3739
2023-11-01,P034,3510
2023-11-01,P035,3371
2023-11-01,P036,3734
2023-11-01,P037,971
2023-11-01,P038,2146
2023-11-01,P039,2089
2023-11-01,P040,4784
2023-12-01,P001,1917
2023-12-01,P002,5479
2023-12-01,P003,844
2023-12-01,P004,8082
2023-12-01,P005,1775
2023-12-01,P006,1698
2023-12-01,P007,1719
2023-12-01,P008,1380
2023-12-01,P009,2334
2023-12-01,P010,1935
2023-12-01,P011,5323
2023-12-01,P012,1503
2023-12-01,P013,5484
2023-12-01,P014,2105
2023-12-01,P015,1665
2023-12-01,P016,2650
2023-12-01,P017,5018
2023-12-01,P018,1338
2023-12-01,P019,2804
2023-12-01,P020,4259
2023-12-01,P021,1283
2023-12-01,P022,1719
2023-12-01,P023,724
2023-12-01,P024,1185
2023-12-01,P025,1207
2023-12-01,P026,1184
2023-12-01,P027,4666
2023-12-01,P028,2934
2023-12-01,P029,4172
2023-12-01,P030,7060
2023-12-01,P031,2162
2023-12-01,P032,4994
2023-12-01,P033,4087
2023-12-01,P034,4308
2023-12-01,P035,1707
2023-12-01,P036,2962
2023-12-01,P037,1033
2023-12-01,P038,2592
2023-12-01,P039,1297
2023-12-01,P040,6020
2024-01-01,P001,2073
2024-01-01,P002,3795
2024-01-01,P003,909
2024-01-01,P004,7084
2024-01-01,P005,2308
2024-01-01,P006,946
2024-01-01,P007,2297
2024-01-01,P008,1270
2024-01-01,P009,2399
2024-01-01,P010,2117
2024-01-01,P011,8269
2024-01-01,P012,1474
2024-01-01,P013,5376
2024-01-01,P014,1803
2024-01-01,P015,2206
2024-01-01,P016,2979
2024-01-01,P017,4667
2024-01-01,P018,1458
2024-01-01,P019,2855
2024-01-01,P020,5904
2024-01-01,P021,1380
2024-01-01,P022,1449
2024-01-01,P023,1166
2024-01-01,P024,1712
2024-01-01,P025,701
2024-01-01,P026,1370
2024-01-01,P027,6352
2024-01-01,P028,2177
2024-01-01,P029,4353
2024-01-01,P030,10361
2024-01-01,P031,1830
2024-01-01,P032,3377
2024-01-01,P033,5033
2024-01-01,P034,4871
2024-01-01,P035,5076
2024-01-01,P036,3705
2024-01-01,P037,1714
2024-01-01,P038,1597
2024-01-01,P039,2003
2024-01-01,P040,6474
2024-02-01,P001,2359
2024-02-01,P002,8090
2024-02-01,P003,830
2024-02-01,P004,8569
2024-02-01,P005,1711
2024-02-01,P006,1059
2024-02-01,P007,2386
2024-02-01,P008,1529
2024-02-01,P009,2637
2024-02-01,P010,4114
2024-02-01,P011,8651
2024-02-01,P012,1975
2024-02-01,P013,8883
2024-02-01,P014,1881
2024-02-01,P015,3573
2024-02-01,P016,2990
2024-02-01,P017,4404
2024-02-01,P018,428
2024-02-01,P019,3567
2024-02-01,P020,5844
2024-02-01,P021,2344
2024-02-01,P022,2724
2024-02-01,P023,1234
2024-02-01,P024,1597
2024-02-01,P025,1109
2024-02-01,P026,1764
2024-02-01,P027,6069
2024-02-01,P028,2867
2024-02-01,P029,3644
2024-02-01,P030,6504
2024-02-01,P031,2852
2024-02-01,P032,4474
2024-02-01,P033,5730
2024-02-01,P034,2552
2024-02-01,P035,4250
2024-02-01,P036,3871
2024-02-01,P037,1223
2024-02-01,P038,2280
2024-02-01,P039,2932
2024-02-01,P040,7635
2024-03-01,P001,2445
2024-03-01,P002,10722
2024-03-01,P003,799
2024-03-01,P004,9364
2024-03-01,P005,1218
2024-03-01,P006,1549
2024-03-01,P007,1778
2024-03-01,P008,2039
2024-03-01,P009,3352
2024-03-01,P010,3816
2024-03-01,P011,4938
2024-03-01,P012,1879
2024-03-01,P013,7449
2024-03-01,P014,2317
2024-03-01,P015,1951
2024-03-01,P016,2915
2024-03-01,P017,3276
2024-03-01,P018,1601
2024-03-01,P019,3213
2024-03-01,P020,4652
2024-03-01,P021,2818
2024-03-01,P022,2959
2024-03-01,P023,1045
2024-03-01,P024,2971
2024-03-01,P025,969
2024-03-01,P026,1557
2024-03-01,P027,5159
2024-03-01,P028,3163
2024-03-01,P029,6058
2024-03-01,P030,7804
2024-03-01,P031,2284
2024-03-01,P032,6012
2024-03-01,P033,5500
2024-03-01,P034,3718
2024-03-01,P035,3203
2024-03-01,P036,3736
2024-03-01,P037,1509
2024-03-01,P038,1821
2024-03-01,P039,1562
2024-03-01,P040,7145
2024-04-01,P001,3023
2024-04-01,P002,10777
2024-04-01,P003,864
2024-04-01,P004,6139
2024-04-01,P005,1948
2024-04-01,P006,1416
2024-04-01,P007,2096
2024-04-01,P008,1650
2024-04-01,P009,2245
2024-04-01,P010,2358
2024-04-01,P011,10488
2024-04-01,P012,2159
2024-04-01,P013,9533
2024-04-01,P014,2861
2024-04-01,P015,3197
2024-04-01,P016,3351
2024-04-01,P017,5206
2024-04-01,P018,1315
2024-04-01,P019,2813
2024-04-01,P020,3262
2024-04-01,P021,1835
2024-04-01,P022,2516
2024-04-01,P023,822
2024-04-01,P024,1885
2024-04-01,P025,950
2024-04-01,P026,1016
2024-04-01,P027,5236
2024-04-01,P028,3697
2024-04-01,P029,5196
2024-04-01,P030,6650
2024-04-01,P031,2491
2024-04-01,P032,6915
2024-04-01,P033,6076
2024-04-01,P034,3327
2024-04-01,P035,5922
2024-04-01,P036,2746
2024-04-01,P037,2001
2024-04-01,P038,1651
2024-04-01,P039,1696
2024-04-01,P040,7278
2024-05-01,P001,2759
2024-05-01,P002,8146
2024-05-01,P003,794
2024-05-01,P004,7992
2024-05-01,P005,1646
2024-05-01,P006,1122
2024-05-01,P007,2355
2024-05-01,P008,1744
2024-05-01,P009,2172
2024-05-01,P010,1799
2024-05-01,P011,7084
2024-05-01,P012,2046
2024-05-01,P013,13257
2024-05-01,P014,1977
2024-05-01,P015,2465
2024-05-01,P016,3318
2024-05-01,P017,2062
2024-05-01,P018,2371
2024-05-01,P019,2960
2024-05-01,P020,5158
2024-05-01,P021,2954
2024-05-01,P022,3009
2024-05-01,P023,1031
2024-05-01,P024,1303
2024-05-01,P025,903
2024-05-01,P026,2170
2024-05-01,P027,6181
2024-05-01,P028,3809
2024-05-01,P029,5308
2024-05-01,P030,9137
2024-05-01,P031,2370
2024-05-01,P032,3017
2024-05-01,P033,5166
2024-05-01,P034,4566
2024-05-01,P035,4788
2024-05-01,P036,4506
2024-05-01,P037,2814
2024-05-01,P038,3101
2024-05-01,P039,911
2024-05-01,P040,5654
2024-06-01,P001,3416
2024-06-01,P002,6242
2024-06-01,P003,421
2024-06-01,P004,7581
2024-06-01,P005,1858
2024-06-01,P006,1257
2024-06-01,P007,1431
2024-06-01,P008,1706
2024-06-01,P009,2445
2024-06-01,P010,2609
2024-06-01,P011,11025
2024-06-01,P012,1628
2024-06-01,P013,5642
2024-06-01,P014,2157
2024-06-01,P015,2759
2024-06-01,P016,3481
2024-06-01,P017,3576
2024-06-01,P018,1711
2024-06-01,P019,1918
2024-06-01,P020,7846
2024-06-01,P021,2058
2024-06-01,P022,2008
2024-06-01,P023,853
2024-06-01,P024,1734
2024-06-01,P025,888
2024-06-01,P026,853
2024-06-01,P027,5988
2024-06-01,P028,4175
2024-06-01,P029,4265
2024-06-01,P030,11747
2024-06-01,P031,2264
2024-06-01,P032,4440
2024-06-01,P033,6188
2024-06-01,P034,3846
2024-06-01,P035,5229
2024-06-01,P036,6830
2024-06-01,P037,1647
2024-06-01,P038,2487
2024-06-01,P039,1915
2024-06-01,P040,5502
2024-07-01,P001,3047
2024-07-01,P002,10771
2024-07-01,P003,679
2024-07-01,P004,7642
2024-07-01,P005,1596
2024-07-01,P006,1389
2024-07-01,P007,1454
2024-07-01,P008,770
2024-07-01,P009,1741
2024-07-01,P010,1057
2024-07-01,P011,11181
2024-07-01,P012,1449
2024-07-01,P013,9282
2024-07-01,P014,1951
2024-07-01,P015,1537
2024-07-01,P016,2487
2024-07-01,P017,3760
2024-07-01,P018,1282
2024-07-01,P019,3816
2024-07-01,P020,9083
2024-07-01,P021,3120
2024-07-01,P022,2107
2024-07-01,P023,999
2024-07-01,P024,2162
2024-07-01,P025,916
2024-07-01,P026,599
2024-07-01,P027,4254
2024-07-01,P028,4631
2024-07-01,P029,3356
2024-07-01,P030,5679
2024-07-01,P031,1690
2024-07-01,P032,4612
2024-07-01,P033,5230
2024-07-01,P034,4535
2024-07-01,P035,4236
2024-07-01,P036,2701
2024-07-01,P037,1905
2024-07-01,P038,1905
2024-07-01,P039,1199
2024-07-01,P040,6553
2024-08-01,P001,2624
2024-08-01,P002,9015
2024-08-01,P003,1124
2024-08-01,P004,7442
2024-08-01,P005,1205
2024-08-01,P006,1107
2024-08-01,P007,1564
2024-08-01,P008,1735
2024-08-01,P009,2384
2024-08-01,P010,2733
2024-08-01,P011,5287
2024-08-01,P012,1374
2024-08-01,P013,8037
2024-08-01,P014,1536
2024-08-01,P015,2061
2024-08-01,P016,2126
2024-08-01,P017,4257
2024-08-01,P018,1477
2024-08-01,P019,1885
2024-08-01,P020,4313
2024-08-01,P021,1521
2024-08-01,P022,2009
2024-08-01,P023,796
2024-08-01,P024,2001
2024-08-01,P025,940
2024-08-01,P026,1040
2024-08-01,P027,4006
2024-08-01,P028,3815
2024-08-01,P029,3321
2024-08-01,P030,4168
2024-08-01,P031,2278
2024-08-01,P032,4059
2024-08-01,P033,3498
2024-08-01,P034,2073
2024-08-01,P035,4964
2024-08-01,P036,2507
2024-08-01,P037,1442
2024-08-01,P038,1046
2024-08-01,P039,1042
2024-08-01,P040,5168
2024-09-01,P001,2021
2024-09-01,P002,1907
2024-09-01,P003,641
2024-09-01,P004,3793
2024-09-01,P005,1541
2024-09-01,P006,1333
2024-09-01,P007,1333
2024-09-01,P008,1058
2024-09-01,P009,1499
2024-09-01,P010,2135
2024-09-01,P011,5952
2024-09-01,P012,974
2024-09-01,P013,5969
2024-09-01,P014,1587
2024-09-01,P015,2512
2024-09-01,P016,1423
2024-09-01,P017,2531
2024-09-01,P018,1497
2024-09-01,P019,4016
2024-09-01,P020,2868
2024-09-01,P021,2214
2024-09-01,P022,2240
2024-09-01,P023,460
2024-09-01,P024,1175
2024-09-01,P025,619
2024-09-01,P026,1737
2024-09-01,P027,4017
2024-09-01,P028,2748
2024-09-01,P029,5289
2024-09-01,P030,9529
2024-09-01,P031,1496
2024-09-01,P032,2162
2024-09-01,P033,5980
2024-09-01,P034,2484
2024-09-01,P035,4230
2024-09-01,P036,3866
2024-09-01,P037,1477
2024-09-01,P038,1639
2024-09-01,P039,1365
2024-09-01,P040,4566
2024-10-01,P001,1954
2024-10-01,P002,8964
2024-10-01,P003,789
2024-10-01,P004,5824
2024-10-01,P005,1659
2024-10-01,P006,951
2024-10-01,P007,1680
2024-10-01,P008,1397
2024-10-01,P009,2972
2024-10-01,P010,1918
2024-10-01,P011,5233
2024-10-01,P012,1411
2024-10-01,P013,6807
2024-10-01,P014,1480
2024-10-01,P015,1456
2024-10-01,P016,2632
2024-10-01,P017,2751
2024-10-01,P018,885
2024-10-01,P019,2392
2024-10-01,P020,4550
2024-10-01,P021,1710
2024-10-01,P022,1057
2024-10-01,P023,480
2024-10-01,P024,1309
2024-10-01,P025,402
2024-10-01,P026,1216
2024-10-01,P027,3332
2024-10-01,P028,2310
2024-10-01,P029,3369
2024-10-01,P030,6733
2024-10-01,P031,1789
2024-10-01,P032,3893
2024-10-01,P033,3257
2024-10-01,P034,3840
2024-10-01,P035,2236
2024-10-01,P036,5523
2024-10-01,P037,1240
2024-10-01,P038,2059
2024-10-01,P039,1967
2024-10-01,P040,3243
2024-11-01,P001,1977
2024-11-01,P002,5886
2024-11-01,P003,764
2024-11-01,P004,7477
2024-11-01,P005,984
2024-11-01,P006,1162
2024-11-01,P007,1275
2024-11-01,P008,1157
2024-11-01,P009,1911
2024-11-01,P010,1914
2024-11-01,P011,7213
2024-11-01,P012,2053
2024-11-01,P013,6070
2024-11-01,P014,1954
2024-11-01,P015,1639
2024-11-01,P016,2698
2024-11-01,P017,2482
2024-11-01,P018,1744
2024-11-01,P019,3677
2024-11-01,P020,2866
2024-11-01,P021,1791
2024-11-01,P022,1940
2024-11-01,P023,892
2024-11-01,P024,1302
2024-11-01,P025,813
2024-11-01,P026,1089
2024-11-01,P027,5722
2024-11-01,P028,3063
2024-11-01,P029,5578
2024-11-01,P030,7388
2024-11-01,P031,1901
2024-11-01,P032,4461
2024-11-01,P033,3910
2024-11-01,P034,3104
2024-11-01,P035,6460
2024-11-01,P036,3344
2024-11-01,P037,1065
2024-11-01,P038,1390
2024-11-01,P039,1705
2024-11-01,P040,5993
2024-12-01,P001,2901
2024-12-01,P002,6851
2024-12-01,P003,394
2024-12-01,P004,3868
2024-12-01,P005,2932
2024-12-01,P006,1152
2024-12-01,P007,1260
2024-12-01,P008,1703
2024-12-01,P009,1867
2024-12-01,P010,1931
2024-12-01,P011,8088
2024-12-01,P012,1905
2024-12-01,P013,5269
2024-12-01,P014,1958
2024-12-01,P015,2161
2024-12-01,P016,2299
2024-12-01,P017,4306
2024-12-01,P018,1331
2024-12-01,P019,2289
2024-12-01,P020,3488
2024-12-01,P021,1602
2024-12-01,P022,2008
2024-12-01,P023,966
2024-12-01,P024,2157
2024-12-01,P025,867
2024-12-01,P026,1115
2024-12-01,P027,5409
2024-12-01,P028,1932
2024-12-01,P029,3683
2024-12-01,P030,6541
2024-12-01,P031,2282
2024-12-01,P032,3377
2024-12-01,P033,5375
2024-12-01,P034,1444
2024-12-01,P035,2820
2024-12-01,P036,2861
2024-12-01,P037,1094
2024-12-01,P038,2753
2024-12-01,P039,2090
2024-12-01,P040,3584
2025-01-01,P001,2519
2025-01-01,P002,6828
2025-01-01,P003,1060
2025-01-01,P004,7015
2025-01-01,P005,1527
2025-01-01,P006,1733
2025-01-01,P007,2143
2025-01-01,P008,1900
2025-01-01,P009,1456
2025-01-01,P010,3135
2025-01-01,P011,7862
2025-01-01,P012,1256
2025-01-01,P013,8903
2025-01-01,P014,2671
2025-01-01,P015,2759
2025-01-01,P016,3693
2025-01-01,P017,3621
2025-01-01,P018,1309
2025-01-01,P019,3165
2025-01-01,P020,3786
2025-01-01,P021,2409
2025-01-01,P022,2945
2025-01-01,P023,1114
2025-01-01,P024,1653
2025-01-01,P025,555
2025-01-01,P026,1322
2025-01-01,P027,5840
2025-01-01,P028,4266
2025-01-01,P029,5407
2025-01-01,P030,8730
2025-01-01,P031,2735
2025-01-01,P032,3144
2025-01-01,P033,5486
2025-01-01,P034,3480
2025-01-01,P035,6072
2025-01-01,P036,5872
2025-01-01,P037,1258
2025-01-01,P038,1676
2025-01-01,P039,1898
2025-01-01,P040,8127
2025-02-01,P001,2419
2025-02-01,P002,4617
2025-02-01,P003,1161
2025-02-01,P004,5985
2025-02-01,P005,1721
2025-02-01,P006,1454
2025-02-01,P007,2115
2025-02-01,P008,1987
2025-02-01,P009,2198
2025-02-01,P010,2486
2025-02-01,P011,9092
2025-02-01,P012,1796
2025-02-01,P013,6092
2025-02-01,P014,1534
2025-02-01,P015,2664
2025-02-01,P016,1810
2025-02-01,P017,3623
2025-02-01,P018,1229
2025-02-01,P019,2787
2025-02-01,P020,4142
2025-02-01,P021,1687
2025-02-01,P022,2408
2025-02-01,P023,1285
2025-02-01,P024,1417
2025-02-01,P025,921
2025-02-01,P026,3184
2025-02-01,P027,6320
2025-02-01,P028,1321
2025-02-01,P029,6469
2025-02-01,P030,7654
2025-02-01,P031,2679
2025-02-01,P032,2289
2025-02-01,P033,4923
2025-02-01,P034,4462
2025-02-01,P035,2476
2025-02-01,P036,4356
2025-02-01,P037,1909
2025-02-01,P038,2481
2025-02-01,P039,2298
2025-02-01,P040,6641
2025-03-01,P001,2436
2025-03-01,P002,7981
2025-03-01,P003,640
2025-03-01,P004,9196
2025-03-01,P005,1952
2025-03-01,P006,1042
2025-03-01,P007,1438
2025-03-01,P008,1950
2025-03-01,P009,2129
2025-03-01,P010,3564
2025-03-01,P011,9313
2025-03-01,P012,1907
2025-03-01,P013,9901
2025-03-01,P014,2036
2025-03-01,P015,1542
2025-03-01,P016,3427
2025-03-01,P017,3722
2025-03-01,P018,1986
2025-03-01,P019,3054
2025-03-01,P020,5443
2025-03-01,P021,3048
2025-03-01,P022,2680
2025-03-01,P023,1192
2025-03-01,P024,1712
2025-03-01,P025,693
2025-03-01,P026,2068
2025-03-01,P027,4364
2025-03-01,P028,2952
2025-03-01,P029,4971
2025-03-01,P030,6663
2025-03-01,P031,2530
2025-03-01,P032,4505
2025-03-01,P033,4938
2025-03-01,P034,4900
2025-03-01,P035,5894
2025-03-01,P036,2512
2025-03-01,P037,1265
2025-03-01,P038,2080
2025-03-01,P039,2251
2025-03-01,P040,10163
2025-04-01,P001,3143
2025-04-01,P002,5121
2025-04-01,P003,1257
2025-04-01,P004,8564
2025-04-01,P005,1709
2025-04-01,P006,1628
2025-04-01,P007,2233
2025-04-01,P008,1304
2025-04-01,P009,2667
2025-04-01,P010,1421
2025-04-01,P011,7329
2025-04-01,P012,2569
2025-04-01,P013,3560
2025-04-01,P014,2187
2025-04-01,P015,2166
2025-04-01,P016,2495
2025-04-01,P017,3687
2025-04-01,P018,3086
2025-04-01,P019,5231
2025-04-01,P020,5734
2025-04-01,P021,2568
2025-04-01,P022,2573
2025-04-01,P023,924
2025-04-01,P024,2007
2025-04-01,P025,826
2025-04-01,P026,2900
2025-04-01,P027,7530
2025-04-01,P028,3007
2025-04-01,P029,3984
2025-04-01,P030,9200
2025-04-01,P031,1350
2025-04-01,P032,4378
2025-04-01,P033,4764
2025-04-01,P034,5035
2025-04-01,P035,4902
2025-04-01,P036,4781
2025-04-01,P037,1228
2025-04-01,P038,3575
2025-04-01,P039,2455
2025-04-01,P040,9108
2025-05-01,P001,2869
2025-05-01,P002,12419
2025-05-01,P003,723
2025-05-01,P004,8329
2025-05-01,P005,2699
2025-05-01,P006,1098
2025-05-01,P007,2274
2025-05-01,P008,1408
2025-05-01,P009,2297
2025-05-01,P010,2430
2025-05-01,P011,9907
2025-05-01,P012,2204
2025-05-01,P013,5440
2025-05-01,P014,1720
2025-05-01,P015,2054
2025-05-01,P016,3131
2025-05-01,P017,4187
2025-05-01,P018,1938
2025-05-01,P019,2729
2025-05-01,P020,5220
2025-05-01,P021,1554
2025-05-01,P022,4317
2025-05-01,P023,1308
2025-05-01,P024,1034
2025-05-01,P025,1428
2025-05-01,P026,1828
2025-05-01,P027,3737
2025-05-01,P028,3446
2025-05-01,P029,4710
2025-05-01,P030,12970
2025-05-01,P031,2035
2025-05-01,P032,2580
2025-05-01,P033,6599
2025-05-01,P034,3035
2025-05-01,P035,3961
2025-05-01,P036,4001
2025-05-01,P037,1821
2025-05-01,P038,2913
2025-05-01,P039,1841
2025-05-01,P040,8248
2025-06-01,P001,2596
2025-06-01,P002,7442
2025-06-01,P003,881
2025-06-01,P004,5703
2025-06-01,P005,1052
2025-06-01,P006,1341
2025-06-01,P007,2473
2025-06-01,P008,1244
2025-06-01,P009,1767
2025-06-01,P010,1569
2025-06-01,P011,14433
2025-06-01,P012,1727
2025-06-01,P013,8779
2025-06-01,P014,2613
2025-06-01,P015,2666
2025-06-01,P016,2394
2025-06-01,P017,4382
2025-06-01,P018,1683
2025-06-01,P019,5438
2025-06-01,P020,6012
2025-06-01,P021,2572
2025-06-01,P022,2994
2025-06-01,P023,924
2025-06-01,P024,3413
2025-06-01,P025,1064
2025-06-01,P026,1560
2025-06-01,P027,7537
2025-06-01,P028,4244
2025-06-01,P029,6272
2025-06-01,P030,6925
2025-06-01,P031,2382
2025-06-01,P032,2777
2025-06-01,P033,5081
2025-06-01,P034,5125
2025-06-01,P035,5315
2025-06-01,P036,2792
2025-06-01,P037,1635
2025-06-01,P038,3184
2025-06-01,P039,2544
2025-06-01,P040,9277
2025-07-01,P001,2140
2025-07-01,P002,8457
2025-07-01,P003,738
2025-07-01,P004,6623
2025-07-01,P005,2621
2025-07-01,P006,1414
2025-07-01,P007,1377
2025-07-01,P008,1537
2025-07-01,P009,2182
2025-07-01,P010,2588
2025-07-01,P011,4246
2025-07-01,P012,1436
2025-07-01,P013,3857
2025-07-01,P014,1799
2025-07-01,P015,2073
2025-07-01,P016,2845
2025-07-01,P017,3592
2025-07-01,P018,1741
2025-07-01,P019,2143
2025-07-01,P020,3708
2025-07-01,P021,3107
2025-07-01,P022,2647
2025-07-01,P023,1087
2025-07-01,P024,1008
2025-07-01,P025,1106
2025-07-01,P026,2456
2025-07-01,P027,4382
2025-07-01,P028,2833
2025-07-01,P029,4287
2025-07-01,P030,9486
2025-07-01,P031,2598
2025-07-01,P032,2925
2025-07-01,P033,7636
2025-07-01,P034,3839
2025-07-01,P035,5941
2025-07-01,P036,4086
2025-07-01,P037,1067
2025-07-01,P038,2235
2025-07-01,P039,1997
2025-07-01,P040,8537
2025-08-01,P001,2759
2025-08-01,P002,9509
2025-08-01,P003,774
2025-08-01,P004,4838
2025-08-01,P005,1835
2025-08-01,P006,1145
2025-08-01,P007,2386
2025-08-01,P008,954
2025-08-01,P009,1761
2025-08-01,P010,1734
2025-08-01,P011,6211
2025-08-01,P012,1845
2025-08-01,P013,9249
2025-08-01,P014,1872
2025-08-01,P015,2914
2025-08-01,P016,2585
2025-08-01,P017,3765
2025-08-01,P018,1475
2025-08-01,P019,3712
2025-08-01,P020,3905
2025-08-01,P021,1881
2025-08-01,P022,2098
2025-08-01,P023,669
2025-08-01,P024,1026
2025-08-01,P025,987
2025-08-01,P026,1124
2025-08-01,P027,6901
2025-08-01,P028,3070
2025-08-01,P029,2696
2025-08-01,P030,7279
2025-08-01,P031,2241
2025-08-01,P032,2972
2025-08-01,P033,4724
2025-08-01,P034,2606
2025-08-01,P035,3799
2025-08-01,P036,3734
2025-08-01,P037,774
2025-08-01,P038,3244
2025-08-01,P039,910
2025-08-01,P040,4001
2025-09-01,P001,2280
2025-09-01,P002,5651
2025-09-01,P003,797
2025-09-01,P004,6682
2025-09-01,P005,1777
2025-09-01,P006,1241
2025-09-01,P007,1479
2025-09-01,P008,1361
2025-09-01,P009,2228
2025-09-01,P010,2602
2025-09-01,P011,8552
2025-09-01,P012,1389
2025-09-01,P013,4832
2025-09-01,P014,1893
2025-09-01,P015,1887
2025-09-01,P016,2310
2025-09-01,P017,2789
2025-09-01,P018,1091
2025-09-01,P019,2464
2025-09-01,P020,5005
2025-09-01,P021,2096
2025-09-01,P022,1475
2025-09-01,P023,898
2025-09-01,P024,1196
2025-09-01,P025,582
2025-09-01,P026,1574
2025-09-01,P027,4894
2025-09-01,P028,2464
2025-09-01,P029,2715
2025-09-01,P030,9195
2025-09-01,P031,1935
2025-09-01,P032,2339
2025-09-01,P033,4618
2025-09-01,P034,2419
2025-09-01,P035,7570
2025-09-01,P036,3689
2025-09-01,P037,489
2025-09-01,P038,2329
2025-09-01,P039,2765
2025-09-01,P040,7806
2025-10-01,P001,2219
2025-10-01,P002,3870
2025-10-01,P003,654
2025-10-01,P004,6075
2025-10-01,P005,1393
2025-10-01,P006,691
2025-10-01,P007,1487
2025-10-01,P008,1114
2025-10-01,P009,2078
2025-10-01,P010,2052
2025-10-01,P011,5886
2025-10-01,P012,1241
2025-10-01,P013,6016
2025-10-01,P014,1651
2025-10-01,P015,2318
2025-10-01,P016,2780
2025-10-01,P017,3725
2025-10-01,P018,1098
2025-10-01,P019,1813
2025-10-01,P020,3090
2025-10-01,P021,1575
2025-10-01,P022,1704
2025-10-01,P023,742
2025-10-01,P024,2596
2025-10-01,P025,1200
2025-10-01,P026,1103
2025-10-01,P027,4816
2025-10-01,P028,2715
2025-10-01,P029,4588
2025-10-01,P030,9040
2025-10-01,P031,1681
2025-10-01,P032,3714
2025-10-01,P033,5699
2025-10-01,P034,2511
2025-10-01,P035,4358
2025-10-01,P036,2338
2025-10-01,P037,768
2025-10-01,P038,1191
2025-10-01,P039,1303
2025-10-01,P040,6177
2025-11-01,P001,2106
2025-11-01,P002,5719
2025-11-01,P003,927
2025-11-01,P004,3269
2025-11-01,P005,1722
2025-11-01,P006,1131
2025-11-01,P007,1111
2025-11-01,P008,865
2025-11-01,P009,1574
2025-11-01,P010,2780
2025-11-01,P011,5955
2025-11-01,P012,2097
2025-11-01,P013,7105
2025-11-01,P014,2169
2025-11-01,P015,1893
2025-11-01,P016,2043
2025-11-01,P017,3042
2025-11-01,P018,1779
2025-11-01,P019,2661
2025-11-01,P020,4160
2025-11-01,P021,1983
2025-11-01,P022,1763
2025-11-01,P023,1325
2025-11-01,P024,2009
2025-11-01,P025,1250
2025-11-01,P026,1085
2025-11-01,P027,5941
2025-11-01,P028,2110
2025-11-01,P029,3484
2025-11-01,P030,4872
2025-11-01,P031,2336
2025-11-01,P032,2267
2025-11-01,P033,5747
2025-11-01,P034,2852
2025-11-01,P035,7161
2025-11-01,P036,4014
2025-11-01,P037,2642
2025-11-01,P038,1418
2025-11-01,P039,1828
2025-11-01,P040,3813
2025-12-01,P001,2945
2025-12-01,P002,6720
2025-12-01,P003,651
2025-12-01,P004,7278
2025-12-01,P005,1387
2025-12-01,P006,1309
2025-12-01,P007,1193
2025-12-01,P008,1287
2025-12-01,P009,2190
2025-12-01,P010,1359
2025-12-01,P011,10035
2025-12-01,P012,1181
2025-12-01,P013,7250
2025-12-01,P014,2885
2025-12-01,P015,2022
2025-12-01,P016,1847
2025-12-01,P017,3937
2025-12-01,P018,1521
2025-12-01,P019,2050
2025-12-01,P020,4036
2025-12-01,P021,2277
2025-12-01,P022,2108
2025-12-01,P023,552
2025-12-01,P024,1050
2025-12-01,P025,894
2025-12-01,P026,1945
2025-12-01,P027,4319
2025-12-01,P028,3480
2025-12-01,P029,4495
2025-12-01,P030,7209
2025-12-01,P031,1343
2025-12-01,P032,2124
2025-12-01,P033,4583
2025-12-01,P034,2951
2025-12-01,P035,5685
2025-12-01,P036,3611
2025-12-01,P037,2073
2025-12-01,P038,2187
2025-12-01,P039,2465
2025-12-01,P040,7240
